id,rs,mvol,bd,porosity,clay,org,ra,paper,climate,vegetation,treatment,hydro_alpha,hydro_n,hydro_thetaS,hydro_thetaR,mp
Cedao,0.2,0.09,1.45,0.452830189,0.17,0.011,0.041,Bulter et al,tropical,tall_woodland,control,0.021,2.39,0.45,0.067,2743.062154
Cedao,0.2,0.09,1.45,0.452830189,0.17,0.011,0.106,Bulter et al,tropical,tall_woodland,control,0.021,2.39,0.45,0.067,2187.728832
Cedao,0.21,0.09,1.45,0.452830189,0.17,0.011,0.055,Bulter et al,tropical,tall_woodland,control,0.021,2.39,0.45,0.067,1968.552809
Cedao,0.22,0.1,1.45,0.452830189,0.17,0.011,0.155,Bulter et al,tropical,tall_woodland,control,0.021,2.39,0.45,0.067,1450.255314
Cedao,0.24,0.11,1.45,0.452830189,0.17,0.011,0.335,Bulter et al,tropical,tall_woodland,control,0.021,2.39,0.45,0.067,971.60924
Cedao,0.35,0.16,1.45,0.452830189,0.17,0.011,1,Bulter et al,tropical,tall_woodland,control,0.021,2.39,0.45,0.067,214.9684641
Cedao,0.36,0.17,1.45,0.452830189,0.17,0.011,0.604,Bulter et al,tropical,tall_woodland,control,0.021,2.39,0.45,0.067,187.5997285
Cedao,0.43,0.19,1.45,0.452830189,0.17,0.011,0.494,Bulter et al,tropical,tall_woodland,control,0.021,2.39,0.45,0.067,114.5933426
Cedao,0.44,0.2,1.45,0.452830189,0.17,0.011,0.645,Bulter et al,tropical,tall_woodland,control,0.021,2.39,0.45,0.067,107.5414803
Cedao,0.44,0.2,1.45,0.452830189,0.17,0.011,0.76,Bulter et al,tropical,tall_woodland,control,0.021,2.39,0.45,0.067,103.4413477
Cedo,0.19,0.08,1.45,0.452830189,0.17,0.011,0.089,Bulter et al,tropical,woody savanna,control,0.021,2.39,0.45,0.067,3937.652212
Cedo,0.2,0.09,1.45,0.452830189,0.17,0.011,0.065,Bulter et al,tropical,woody savanna,control,0.021,2.39,0.45,0.067,2349.874395
Cedo,0.22,0.1,1.45,0.452830189,0.17,0.011,0.087,Bulter et al,tropical,woody savanna,control,0.021,2.39,0.45,0.067,1297.114234
Cedo,0.23,0.1,1.45,0.452830189,0.17,0.011,0.2,Bulter et al,tropical,woody savanna,control,0.021,2.39,0.45,0.067,1143.56332
Cedo,0.31,0.14,1.45,0.452830189,0.17,0.011,0.672,Bulter et al,tropical,woody savanna,control,0.021,2.39,0.45,0.067,312.4391366
Cedo,0.36,0.16,1.45,0.452830189,0.17,0.011,0.46,Bulter et al,tropical,woody savanna,control,0.021,2.39,0.45,0.067,198.9357847
Cedo,0.37,0.17,1.45,0.452830189,0.17,0.011,0.783,Bulter et al,tropical,woody savanna,control,0.021,2.39,0.45,0.067,185.9919789
Cedo,0.42,0.19,1.45,0.452830189,0.17,0.011,1,Bulter et al,tropical,woody savanna,control,0.021,2.39,0.45,0.067,116.8811835
Cedo,0.45,0.2,1.45,0.452830189,0.17,0.011,0.939,Bulter et al,tropical,woody savanna,control,0.021,2.39,0.45,0.067,97.26922537
Cedo,0.46,0.21,1.45,0.452830189,0.17,0.011,0.728,Bulter et al,tropical,woody savanna,control,0.021,2.39,0.45,0.067,92.05778585
droughtCK,0.18,0.08,1.43,0.460377358,0.24,0.012,0.111411707,Liu,tropical,savanna,control,0.0078,1.5494,0.48,0,10941.20085
droughtCK,0.21,0.09,1.43,0.460377358,0.24,0.012,0.100344319,Liu,tropical,savanna,control,0.0078,1.5494,0.48,0,7964.611317
droughtCK,0.21,0.1,1.43,0.460377358,0.24,0.012,0.171421545,Liu,tropical,savanna,control,0.0078,1.5494,0.48,0,7244.666204
droughtCK,0.21,0.09,1.43,0.460377358,0.24,0.012,0.230201672,Liu,tropical,savanna,control,0.0078,1.5494,0.48,0,8036.943695
droughtCK,0.23,0.11,1.43,0.460377358,0.24,0.012,0.219380226,Liu,tropical,savanna,control,0.0078,1.5494,0.48,0,5501.517738
droughtCK,0.23,0.11,1.43,0.460377358,0.24,0.012,0.101328087,Liu,tropical,savanna,control,0.0078,1.5494,0.48,0,5457.922519
droughtCK,0.26,0.12,1.43,0.460377358,0.24,0.012,0.12567634,Liu,tropical,savanna,control,0.0078,1.5494,0.48,0,4244.753374
droughtCK,0.24,0.11,1.43,0.460377358,0.24,0.012,0.31406788,Liu,tropical,savanna,control,0.0078,1.5494,0.48,0,5072.409992
droughtCK,0.2,0.09,1.43,0.460377358,0.24,0.012,0.360059026,Liu,tropical,savanna,control,0.0078,1.5494,0.48,0,8110.159569
droughtCK,0.2,0.09,1.43,0.460377358,0.24,0.012,0.43089031,Liu,tropical,savanna,control,0.0078,1.5494,0.48,0,8134.763547
droughtCK,0.17,0.08,1.43,0.460377358,0.24,0.012,0.500737826,Liu,tropical,savanna,control,0.0078,1.5494,0.48,0,12641.37055
droughtCK,0.27,0.12,1.43,0.460377358,0.24,0.012,0.385759961,Liu,tropical,savanna,control,0.0078,1.5494,0.48,0,3820.249265
droughtCK,0.29,0.14,1.43,0.460377358,0.24,0.012,0.351328087,Liu,tropical,savanna,control,0.0078,1.5494,0.48,0,2829.021896
droughtCK,0.28,0.13,1.43,0.460377358,0.24,0.012,0.279881948,Liu,tropical,savanna,control,0.0078,1.5494,0.48,0,3380.475137
droughtCK,0.32,0.15,1.43,0.460377358,0.24,0.012,0.269429415,Liu,tropical,savanna,control,0.0078,1.5494,0.48,0,2291.106976
droughtCK,0.35,0.16,1.43,0.460377358,0.24,0.012,0.234997541,Liu,tropical,savanna,control,0.0078,1.5494,0.48,0,1770.38227
droughtCK,0.3,0.14,1.43,0.460377358,0.24,0.012,0.552385637,Liu,tropical,savanna,control,0.0078,1.5494,0.48,0,2567.928819
droughtCK,0.34,0.16,1.43,0.460377358,0.24,0.012,0.588908018,Liu,tropical,savanna,control,0.0078,1.5494,0.48,0,1911.693694
droughtCK,0.33,0.15,1.43,0.460377358,0.24,0.012,0.48241515,Liu,tropical,savanna,control,0.0078,1.5494,0.48,0,2028.391639
droughtCK,0.33,0.15,1.43,0.460377358,0.24,0.012,0.42338908,Liu,tropical,savanna,control,0.0078,1.5494,0.48,0,2024.484744
droughtCK,0.36,0.17,1.43,0.460377358,0.24,0.012,0.436301033,Liu,tropical,savanna,control,0.0078,1.5494,0.48,0,1534.069626
droughtCK,0.41,0.19,1.43,0.460377358,0.24,0.012,0.284308903,Liu,tropical,savanna,control,0.0078,1.5494,0.48,0,1087.815487
droughtCK,0.39,0.18,1.43,0.460377358,0.24,0.012,0.189252336,Liu,tropical,savanna,control,0.0078,1.5494,0.48,0,1242.975297
droughtCK,0.45,0.21,1.43,0.460377358,0.24,0.012,0.226758485,Liu,tropical,savanna,control,0.0078,1.5494,0.48,0,794.5437925
droughtCK,0.51,0.23,1.43,0.460377358,0.24,0.012,0.429414658,Liu,tropical,savanna,control,0.0078,1.5494,0.48,0,544.8878355
droughtCK,0.52,0.24,1.43,0.460377358,0.24,0.012,0.15826365,Liu,tropical,savanna,control,0.0078,1.5494,0.48,0,504.3925263
droughtCK,0.39,0.18,1.43,0.460377358,0.24,0.012,0.756025578,Liu,tropical,savanna,control,0.0078,1.5494,0.48,0,1234.67915
droughtCK,0.4,0.19,1.43,0.460377358,0.24,0.012,0.886374816,Liu,tropical,savanna,control,0.0078,1.5494,0.48,0,1110.997641
droughtCK,0.46,0.21,1.43,0.460377358,0.24,0.012,0.805459911,Liu,tropical,savanna,control,0.0078,1.5494,0.48,0,771.1625467
droughtCK,0.45,0.21,1.43,0.460377358,0.24,0.012,0.651746188,Liu,tropical,savanna,control,0.0078,1.5494,0.48,0,806.5602516
droughtCK,0.48,0.22,1.43,0.460377358,0.24,0.012,0.830054107,Liu,tropical,savanna,control,0.0078,1.5494,0.48,0,635.2626252
droughtCK,0.54,0.25,1.43,0.460377358,0.24,0.012,0.631210034,Liu,tropical,savanna,control,0.0078,1.5494,0.48,0,447.0032995
droughtCK,0.57,0.26,1.43,0.460377358,0.24,0.012,0.77385637,Liu,tropical,savanna,control,0.0078,1.5494,0.48,0,376.0472937
droughtCK,0.56,0.26,1.43,0.460377358,0.24,0.012,0.903344811,Liu,tropical,savanna,control,0.0078,1.5494,0.48,0,403.3203308
droughtCK,0.62,0.29,1.43,0.460377358,0.24,0.012,0.846532218,Liu,tropical,savanna,control,0.0078,1.5494,0.48,0,272.2447159
droughtCK,0.62,0.29,1.43,0.460377358,0.24,0.012,1,Liu,tropical,savanna,control,0.0078,1.5494,0.48,0,273.6466813
droughtCK,0.68,0.31,1.43,0.460377358,0.24,0.012,0.48,Liu,tropical,savanna,control,0.0078,1.5494,0.48,0,194.5898156
droughtCK,0.71,0.33,1.43,0.460377358,0.24,0.012,0.54,Liu,tropical,savanna,control,0.0078,1.5494,0.48,0,160.4608575
droughtPE3,0.15,0.07,1.43,0.460377358,0.24,0.012,0.459319976,Liu,tropical,savanna,drought,0.0078,1.5494,0.48,0,18836.38203
droughtPE3,0.15,0.07,1.43,0.460377358,0.24,0.012,0.35154827,Liu,tropical,savanna,drought,0.0078,1.5494,0.48,0,18646.7169
droughtPE3,0.15,0.07,1.43,0.460377358,0.24,0.012,0.17911354,Liu,tropical,savanna,drought,0.0078,1.5494,0.48,0,18348.57279
droughtPE3,0.17,0.08,1.43,0.460377358,0.24,0.012,0.02944748,Liu,tropical,savanna,drought,0.0078,1.5494,0.48,0,12889.80533
droughtPE3,0.19,0.09,1.43,0.460377358,0.24,0.012,0.138129933,Liu,tropical,savanna,drought,0.0078,1.5494,0.48,0,10320.65134
droughtPE3,0.21,0.1,1.43,0.460377358,0.24,0.012,0.182756527,Liu,tropical,savanna,drought,0.0078,1.5494,0.48,0,7303.659719
droughtPE3,0.24,0.11,1.43,0.460377358,0.24,0.012,0.292046145,Liu,tropical,savanna,drought,0.0078,1.5494,0.48,0,5381.202026
droughtPE3,0.21,0.09,1.43,0.460377358,0.24,0.012,0.419550698,Liu,tropical,savanna,drought,0.0078,1.5494,0.48,0,7936.274963
droughtPE3,0.26,0.12,1.43,0.460377358,0.24,0.012,0.35822708,Liu,tropical,savanna,drought,0.0078,1.5494,0.48,0,4068.795999
droughtPE3,0.26,0.12,1.43,0.460377358,0.24,0.012,0.50941105,Liu,tropical,savanna,drought,0.0078,1.5494,0.48,0,3888.301821
droughtPE3,0.29,0.14,1.43,0.460377358,0.24,0.012,0.44656952,Liu,tropical,savanna,drought,0.0078,1.5494,0.48,0,2858.296188
droughtPE3,0.29,0.14,1.43,0.460377358,0.24,0.012,0.295689132,Liu,tropical,savanna,drought,0.0078,1.5494,0.48,0,2836.922309
droughtPE3,0.3,0.14,1.43,0.460377358,0.24,0.012,0.619611415,Liu,tropical,savanna,drought,0.0078,1.5494,0.48,0,2620.576629
droughtPE3,0.33,0.15,1.43,0.460377358,0.24,0.012,0.254705525,Liu,tropical,savanna,drought,0.0078,1.5494,0.48,0,2054.44776
droughtPE3,0.35,0.16,1.43,0.460377358,0.24,0.012,0.191256831,Liu,tropical,savanna,drought,0.0078,1.5494,0.48,0,1728.387653
droughtPE3,0.38,0.18,1.43,0.460377358,0.24,0.012,0.214936248,Liu,tropical,savanna,drought,0.0078,1.5494,0.48,0,1309.278049
droughtPE3,0.43,0.2,1.43,0.460377358,0.24,0.012,0.411961141,Liu,tropical,savanna,drought,0.0078,1.5494,0.48,0,915.4911338
droughtPE3,0.45,0.21,1.43,0.460377358,0.24,0.012,0.240437158,Liu,tropical,savanna,drought,0.0078,1.5494,0.48,0,820.5688786
droughtPE3,0.39,0.18,1.43,0.460377358,0.24,0.012,0.668184578,Liu,tropical,savanna,drought,0.0078,1.5494,0.48,0,1235.198828
droughtPE3,0.38,0.17,1.43,0.460377358,0.24,0.012,0.839708561,Liu,tropical,savanna,drought,0.0078,1.5494,0.48,0,1395.135638
droughtPE3,0.43,0.2,1.43,0.460377358,0.24,0.012,0.735579842,Liu,tropical,savanna,drought,0.0078,1.5494,0.48,0,894.4949403
droughtPE3,0.48,0.22,1.43,0.460377358,0.24,0.012,0.802975106,Liu,tropical,savanna,drought,0.0078,1.5494,0.48,0,662.9656238
droughtPE3,0.51,0.23,1.43,0.460377358,0.24,0.012,0.891013965,Liu,tropical,savanna,drought,0.0078,1.5494,0.48,0,549.1294843
droughtPE3,0.53,0.24,1.43,0.460377358,0.24,0.012,1,Liu,tropical,savanna,drought,0.0078,1.5494,0.48,0,486.7722369
droughtPE3,0.55,0.25,1.43,0.460377358,0.24,0.012,0.914996964,Liu,tropical,savanna,drought,0.0078,1.5494,0.48,0,429.8679529
droughtPE3,0.57,0.26,1.43,0.460377358,0.24,0.012,0.35,Liu,tropical,savanna,drought,0.0078,1.5494,0.48,0,362.8031117
droughtPE3,0.66,0.3,1.43,0.460377358,0.24,0.012,0.51,Liu,tropical,savanna,drought,0.0078,1.5494,0.48,0,223.1347053
droughtPE5,0.15,0.07,1.43,0.460377358,0.24,0.012,0.07232267,Liu,tropical,savanna,drought,0.0078,1.5494,0.48,0,19570.25083
droughtPE5,0.15,0.07,1.43,0.460377358,0.24,0.012,0.333333333,Liu,tropical,savanna,drought,0.0078,1.5494,0.48,0,20396.27291
droughtPE5,0.17,0.08,1.43,0.460377358,0.24,0.012,0.459898006,Liu,tropical,savanna,drought,0.0078,1.5494,0.48,0,12866.92427
droughtPE5,0.15,0.07,1.43,0.460377358,0.24,0.012,0.140009272,Liu,tropical,savanna,drought,0.0078,1.5494,0.48,0,18151.98812
droughtPE5,0.17,0.08,1.43,0.460377358,0.24,0.012,0.271673621,Liu,tropical,savanna,drought,0.0078,1.5494,0.48,0,12866.92427
droughtPE5,0.2,0.09,1.43,0.460377358,0.24,0.012,0.339360223,Liu,tropical,savanna,drought,0.0078,1.5494,0.48,0,8205.614479
droughtPE5,0.19,0.09,1.43,0.460377358,0.24,0.012,0.532684284,Liu,tropical,savanna,drought,0.0078,1.5494,0.48,0,10186.41306
droughtPE5,0.23,0.11,1.43,0.460377358,0.24,0.012,0.277236903,Liu,tropical,savanna,drought,0.0078,1.5494,0.48,0,5556.139025
droughtPE5,0.23,0.11,1.43,0.460377358,0.24,0.012,0.471488178,Liu,tropical,savanna,drought,0.0078,1.5494,0.48,0,5908.727919
droughtPE5,0.25,0.11,1.43,0.460377358,0.24,0.012,0.700509968,Liu,tropical,savanna,drought,0.0078,1.5494,0.48,0,4653.22791
droughtPE5,0.27,0.13,1.43,0.460377358,0.24,0.012,0.313398238,Liu,tropical,savanna,drought,0.0078,1.5494,0.48,0,3536.974401
droughtPE5,0.28,0.13,1.43,0.460377358,0.24,0.012,0.638850255,Liu,tropical,savanna,drought,0.0078,1.5494,0.48,0,3190.119302
droughtPE5,0.3,0.14,1.43,0.460377358,0.24,0.012,0.542883635,Liu,tropical,savanna,drought,0.0078,1.5494,0.48,0,2749.330555
droughtPE5,0.33,0.15,1.43,0.460377358,0.24,0.012,0.318961521,Liu,tropical,savanna,drought,0.0078,1.5494,0.48,0,1991.941074
droughtPE5,0.36,0.16,1.43,0.460377358,0.24,0.012,0.483541956,Liu,tropical,savanna,drought,0.0078,1.5494,0.48,0,1610.814505
droughtPE5,0.33,0.15,1.43,0.460377358,0.24,0.012,0.675475197,Liu,tropical,savanna,drought,0.0078,1.5494,0.48,0,2081.819498
droughtPE5,0.43,0.2,1.43,0.460377358,0.24,0.012,1,Liu,tropical,savanna,drought,0.0078,1.5494,0.48,0,894.4949403
droughtPE5,0.37,0.17,1.43,0.460377358,0.24,0.012,0.874362541,Liu,tropical,savanna,drought,0.0078,1.5494,0.48,0,1426.648128
droughtPE5,0.43,0.2,1.43,0.460377358,0.24,0.012,0.879462216,Liu,tropical,savanna,drought,0.0078,1.5494,0.48,0,943.3310327
droughtPE5,0.48,0.22,1.43,0.460377358,0.24,0.012,0.949003245,Liu,tropical,savanna,drought,0.0078,1.5494,0.48,0,669.6610802
droughtPE5,0.46,0.21,1.43,0.460377358,0.24,0.012,0.331015299,Liu,tropical,savanna,drought,0.0078,1.5494,0.48,0,740.1370111
droughtPE5,0.58,0.27,1.43,0.460377358,0.24,0.012,0.73110802,Liu,tropical,savanna,drought,0.0078,1.5494,0.48,0,358.4919508
droughtPE7,0.15,0.07,1.43,0.460377358,0.24,0.012,0.206896552,Liu,tropical,savanna,drought,0.0078,1.5494,0.48,0,19570.25083
droughtPE7,0.15,0.07,1.43,0.460377358,0.24,0.012,0.206896552,Liu,tropical,savanna,drought,0.0078,1.5494,0.48,0,20396.27291
droughtPE7,0.15,0.07,1.43,0.460377358,0.24,0.012,0.413793103,Liu,tropical,savanna,drought,0.0078,1.5494,0.48,0,19570.25083
droughtPE7,0.15,0.07,1.43,0.460377358,0.24,0.012,0.068965517,Liu,tropical,savanna,drought,0.0078,1.5494,0.48,0,20396.27291
droughtPE7,0.15,0.07,1.43,0.460377358,0.24,0.012,0.310344828,Liu,tropical,savanna,drought,0.0078,1.5494,0.48,0,21270.03342
droughtPE7,0.15,0.07,1.43,0.460377358,0.24,0.012,0.137931034,Liu,tropical,savanna,drought,0.0078,1.5494,0.48,0,21184.74746
droughtPE7,0.16,0.08,1.43,0.460377358,0.24,0.012,0.103448276,Liu,tropical,savanna,drought,0.0078,1.5494,0.48,0,14956.86376
droughtPE7,0.19,0.09,1.43,0.460377358,0.24,0.012,0.482758621,Liu,tropical,savanna,drought,0.0078,1.5494,0.48,0,10020.64838
droughtPE7,0.18,0.08,1.43,0.460377358,0.24,0.012,0.310344828,Liu,tropical,savanna,drought,0.0078,1.5494,0.48,0,11266.47633
droughtPE7,0.2,0.09,1.43,0.460377358,0.24,0.012,0.206896552,Liu,tropical,savanna,drought,0.0078,1.5494,0.48,0,9124.872368
droughtPE7,0.23,0.11,1.43,0.460377358,0.24,0.012,0.413793103,Liu,tropical,savanna,drought,0.0078,1.5494,0.48,0,5740.043392
droughtPE7,0.25,0.11,1.43,0.460377358,0.24,0.012,0.551724138,Liu,tropical,savanna,drought,0.0078,1.5494,0.48,0,4713.496027
droughtPE7,0.3,0.14,1.43,0.460377358,0.24,0.012,0.379310345,Liu,tropical,savanna,drought,0.0078,1.5494,0.48,0,2736.369679
droughtPE7,0.31,0.14,1.43,0.460377358,0.24,0.012,0.482758621,Liu,tropical,savanna,drought,0.0078,1.5494,0.48,0,2394.060805
droughtPE7,0.35,0.16,1.43,0.460377358,0.24,0.012,0.689655172,Liu,tropical,savanna,drought,0.0078,1.5494,0.48,0,1739.494644
droughtPE7,0.43,0.2,1.43,0.460377358,0.24,0.012,1,Liu,tropical,savanna,drought,0.0078,1.5494,0.48,0,894.4949403
droughtPE7,0.34,0.16,1.43,0.460377358,0.24,0.012,0.827586207,Liu,tropical,savanna,drought,0.0078,1.5494,0.48,0,1843.507044
droughtPE7,0.41,0.19,1.43,0.460377358,0.24,0.012,0.517241379,Liu,tropical,savanna,drought,0.0078,1.5494,0.48,0,1100.78757
droughtPE7,0.41,0.19,1.43,0.460377358,0.24,0.012,0.206896552,Liu,tropical,savanna,drought,0.0078,1.5494,0.48,0,1075.935905
droughtPE7,0.41,0.19,1.43,0.460377358,0.24,0.012,0.620689655,Liu,tropical,savanna,drought,0.0078,1.5494,0.48,0,1051.785878
Exclu,0.15,0.07,1.47,0.445283019,0.1,0.0233,0.011263409,Nie,semi_arid,grassland,control,0.0072,1.5652,0.4,0,11436.40744
Exclu,0.2,0.09,1.47,0.445283019,0.1,0.0233,0.014719905,Nie,semi_arid,grassland,control,0.0072,1.5652,0.4,0,5433.170772
Exclu,0.2,0.09,1.47,0.445283019,0.1,0.0233,0.007032181,Nie,semi_arid,grassland,control,0.0072,1.5652,0.4,0,5433.170772
Exclu,0.18,0.08,1.47,0.445283019,0.1,0.0233,0.060250298,Nie,semi_arid,grassland,control,0.0072,1.5652,0.4,0,7562.735837
Exclu,0.22,0.1,1.47,0.445283019,0.1,0.0233,0.040926699,Nie,semi_arid,grassland,control,0.0072,1.5652,0.4,0,4035.785199
Exclu,0.25,0.11,1.47,0.445283019,0.1,0.0233,0.07023242,Nie,semi_arid,grassland,control,0.0072,1.5652,0.4,0,3078.973912
Exclu,0.22,0.1,1.47,0.445283019,0.1,0.0233,0.086174017,Nie,semi_arid,grassland,control,0.0072,1.5652,0.4,0,4035.785199
Exclu,0.25,0.11,1.47,0.445283019,0.1,0.0233,0.104901669,Nie,semi_arid,grassland,control,0.0072,1.5652,0.4,0,3078.973912
Exclu,0.2,0.09,1.47,0.445283019,0.1,0.0233,0.154454708,Nie,semi_arid,grassland,control,0.0072,1.5652,0.4,0,5433.170772
Exclu,0.22,0.1,1.47,0.445283019,0.1,0.0233,0.241284267,Nie,semi_arid,grassland,control,0.0072,1.5652,0.4,0,4035.785199
Exclu,0.27,0.12,1.47,0.445283019,0.1,0.0233,0.305289035,Nie,semi_arid,grassland,control,0.0072,1.5652,0.4,0,2400.683674
Exclu,0.31,0.14,1.47,0.445283019,0.1,0.0233,0.270947557,Nie,semi_arid,grassland,control,0.0072,1.5652,0.4,0,1535.702989
Exclu,0.45,0.2,1.47,0.445283019,0.1,0.0233,0.920634684,Nie,semi_arid,grassland,control,0.0072,1.5652,0.4,0,516.2368698
Exclu,0.47,0.21,1.47,0.445283019,0.1,0.0233,1,Nie,semi_arid,grassland,control,0.0072,1.5652,0.4,0,439.7782883
Exclu,0.61,0.27,1.47,0.445283019,0.1,0.0233,0.979871871,Nie,semi_arid,grassland,control,0.0072,1.5652,0.4,0,174.7787544
Exclu,0.74,0.33,1.47,0.445283019,0.1,0.0233,0.168817044,Nie,semi_arid,grassland,control,0.0072,1.5652,0.4,0,62.43266948
Exclu,0.79,0.35,1.47,0.445283019,0.1,0.0233,0.225312872,Nie,semi_arid,grassland,control,0.0072,1.5652,0.4,0,39.7025559
Exclu,0.81,0.36,1.47,0.445283019,0.1,0.0233,0.247675804,Nie,semi_arid,grassland,control,0.0072,1.5652,0.4,0,30.06356136
Fog1,0.34,0.14,1.54,0.418867925,0.09,0.028,0.16,Carbone et al,Mediterranean,coastal forest,pre-pulse,0.00817,1.5474,0.5,0.07,12266.20212
Fog1,0.35,0.15,1.54,0.418867925,0.09,0.028,0.16,Carbone et al,Mediterranean,coastal forest,pre-pulse,0.00817,1.5474,0.5,0.07,10545.71676
Fog1,0.35,0.15,1.54,0.418867925,0.09,0.028,0.22,Carbone et al,Mediterranean,coastal forest,pre-pulse,0.00817,1.5474,0.5,0.07,10261.5577
Fog1,0.36,0.15,1.54,0.418867925,0.09,0.028,0.24,Carbone et al,Mediterranean,coastal forest,pre-pulse,0.00817,1.5474,0.5,0.07,8691.371736
Fog1,0.37,0.16,1.54,0.418867925,0.09,0.028,0.27,Carbone et al,Mediterranean,coastal forest,pre-pulse,0.00817,1.5474,0.5,0.07,7422.540786
Fog1,0.37,0.16,1.54,0.418867925,0.09,0.028,0.32,Carbone et al,Mediterranean,coastal forest,pre-pulse,0.00817,1.5474,0.5,0.07,7247.903341
Fog1,0.38,0.16,1.54,0.418867925,0.09,0.028,0.31,Carbone et al,Mediterranean,coastal forest,pre-pulse,0.00817,1.5474,0.5,0.07,6257.252519
Fog1,0.39,0.16,1.54,0.418867925,0.09,0.028,0.34,Carbone et al,Mediterranean,coastal forest,pre-pulse,0.00817,1.5474,0.5,0.07,5764.994815
Fog1,0.4,0.17,1.54,0.418867925,0.09,0.028,0.36,Carbone et al,Mediterranean,coastal forest,pre-pulse,0.00817,1.5474,0.5,0.07,5024.515011
Fog1,0.4,0.17,1.54,0.418867925,0.09,0.028,0.31,Carbone et al,Mediterranean,coastal forest,pre-pulse,0.00817,1.5474,0.5,0.07,4940.23848
Fog1,0.33,0.14,1.54,0.418867925,0.09,0.028,0.22,Carbone et al,Mediterranean,coastal forest,pre-pulse,0.00817,1.5474,0.5,0.07,13948.40645
Fog1,0.34,0.14,1.54,0.418867925,0.09,0.028,0.25,Carbone et al,Mediterranean,coastal forest,pre-pulse,0.00817,1.5474,0.5,0.07,12854.40732
Fog1,0.34,0.14,1.54,0.418867925,0.09,0.028,0.31,Carbone et al,Mediterranean,coastal forest,pre-pulse,0.00817,1.5474,0.5,0.07,11557.33157
Fog1,0.35,0.15,1.54,0.418867925,0.09,0.028,0.35,Carbone et al,Mediterranean,coastal forest,pre-pulse,0.00817,1.5474,0.5,0.07,10702.30408
Fog1,0.36,0.15,1.54,0.418867925,0.09,0.028,0.33,Carbone et al,Mediterranean,coastal forest,pre-pulse,0.00817,1.5474,0.5,0.07,8852.804734
Fog1,0.36,0.15,1.54,0.418867925,0.09,0.028,0.37,Carbone et al,Mediterranean,coastal forest,pre-pulse,0.00817,1.5474,0.5,0.07,9043.465897
Fog1,0.34,0.14,1.54,0.418867925,0.09,0.028,0.38,Carbone et al,Mediterranean,coastal forest,pre-pulse,0.00817,1.5474,0.5,0.07,12435.5674
Fog1,0.37,0.16,1.54,0.418867925,0.09,0.028,0.43,Carbone et al,Mediterranean,coastal forest,pre-pulse,0.00817,1.5474,0.5,0.07,7367.965839
Fog1,0.4,0.17,1.54,0.418867925,0.09,0.028,0.47,Carbone et al,Mediterranean,coastal forest,pre-pulse,0.00817,1.5474,0.5,0.07,5403.558447
Fog1,0.41,0.17,1.54,0.418867925,0.09,0.028,0.45,Carbone et al,Mediterranean,coastal forest,pre-pulse,0.00817,1.5474,0.5,0.07,4559.370023
Fog1,0.42,0.17,1.54,0.418867925,0.09,0.028,0.45,Carbone et al,Mediterranean,coastal forest,pre-pulse,0.00817,1.5474,0.5,0.07,4238.668241
Fog1,0.44,0.19,1.54,0.418867925,0.09,0.028,0.49,Carbone et al,Mediterranean,coastal forest,pre-pulse,0.00817,1.5474,0.5,0.07,3160.892489
Fog1,0.43,0.18,1.54,0.418867925,0.09,0.028,0.55,Carbone et al,Mediterranean,coastal forest,pre-pulse,0.00817,1.5474,0.5,0.07,3667.32959
Fog1,0.42,0.18,1.54,0.418867925,0.09,0.028,0.61,Carbone et al,Mediterranean,coastal forest,pre-pulse,0.00817,1.5474,0.5,0.07,4137.218217
Fog1,0.43,0.18,1.54,0.418867925,0.09,0.028,0.62,Carbone et al,Mediterranean,coastal forest,pre-pulse,0.00817,1.5474,0.5,0.07,3595.799653
Fog1,0.41,0.17,1.54,0.418867925,0.09,0.028,0.67,Carbone et al,Mediterranean,coastal forest,pre-pulse,0.00817,1.5474,0.5,0.07,4779.043794
Fog1,0.46,0.19,1.54,0.418867925,0.09,0.028,0.68,Carbone et al,Mediterranean,coastal forest,pre-pulse,0.00817,1.5474,0.5,0.07,2556.701448
Fog1,0.51,0.21,1.54,0.418867925,0.09,0.028,0.84,Carbone et al,Mediterranean,coastal forest,pre-pulse,0.00817,1.5474,0.5,0.07,1748.070014
Fog1,0.53,0.22,1.54,0.418867925,0.09,0.028,0.91,Carbone et al,Mediterranean,coastal forest,pre-pulse,0.00817,1.5474,0.5,0.07,1467.721449
Fog1,0.54,0.23,1.54,0.418867925,0.09,0.028,0.85,Carbone et al,Mediterranean,coastal forest,pre-pulse,0.00817,1.5474,0.5,0.07,1310.683713
Fog1,0.56,0.24,1.54,0.418867925,0.09,0.028,0.89,Carbone et al,Mediterranean,coastal forest,pre-pulse,0.00817,1.5474,0.5,0.07,1102.536916
Fog1,0.59,0.25,1.54,0.418867925,0.09,0.028,0.7,Carbone et al,Mediterranean,coastal forest,pre-pulse,0.00817,1.5474,0.5,0.07,918.6265215
Fog1,0.59,0.25,1.54,0.418867925,0.09,0.028,0.78,Carbone et al,Mediterranean,coastal forest,pre-pulse,0.00817,1.5474,0.5,0.07,896.0676717
Fog1,0.6,0.25,1.54,0.418867925,0.09,0.028,0.95,Carbone et al,Mediterranean,coastal forest,pre-pulse,0.00817,1.5474,0.5,0.07,824.8160849
Fog1,0.61,0.26,1.54,0.418867925,0.09,0.028,1,Carbone et al,Mediterranean,coastal forest,pre-pulse,0.00817,1.5474,0.5,0.07,754.3082451
Fog1,0.7,0.29,1.54,0.418867925,0.09,0.028,0.94,Carbone et al,Mediterranean,coastal forest,pre-pulse,0.00817,1.5474,0.5,0.07,428.3122495
Fog2,0.34,0.14,1.54,0.418867925,0.09,0.028,0.11,Carbone et al,Mediterranean,coastal forest,pulse_peak,0.00817,1.5474,0.5,0.07,11827.52066
Fog2,0.34,0.14,1.54,0.418867925,0.09,0.028,0.18,Carbone et al,Mediterranean,coastal forest,pulse_peak,0.00817,1.5474,0.5,0.07,11353.86862
Fog2,0.33,0.14,1.54,0.418867925,0.09,0.028,0.17,Carbone et al,Mediterranean,coastal forest,pulse_peak,0.00817,1.5474,0.5,0.07,13521.57289
Fog2,0.35,0.15,1.54,0.418867925,0.09,0.028,0.21,Carbone et al,Mediterranean,coastal forest,pulse_peak,0.00817,1.5474,0.5,0.07,10592.93617
Fog2,0.36,0.15,1.54,0.418867925,0.09,0.028,0.16,Carbone et al,Mediterranean,coastal forest,pulse_peak,0.00817,1.5474,0.5,0.07,8955.465665
Fog2,0.37,0.15,1.54,0.418867925,0.09,0.028,0.21,Carbone et al,Mediterranean,coastal forest,pulse_peak,0.00817,1.5474,0.5,0.07,7715.667103
Fog2,0.37,0.16,1.54,0.418867925,0.09,0.028,0.23,Carbone et al,Mediterranean,coastal forest,pulse_peak,0.00817,1.5474,0.5,0.07,7411.756834
Fog2,0.37,0.15,1.54,0.418867925,0.09,0.028,0.28,Carbone et al,Mediterranean,coastal forest,pulse_peak,0.00817,1.5474,0.5,0.07,7942.342649
Fog2,0.39,0.16,1.54,0.418867925,0.09,0.028,0.28,Carbone et al,Mediterranean,coastal forest,pulse_peak,0.00817,1.5474,0.5,0.07,6188.148923
Fog2,0.38,0.16,1.54,0.418867925,0.09,0.028,0.31,Carbone et al,Mediterranean,coastal forest,pulse_peak,0.00817,1.5474,0.5,0.07,6458.674874
Fog2,0.35,0.15,1.54,0.418867925,0.09,0.028,0.26,Carbone et al,Mediterranean,coastal forest,pulse_peak,0.00817,1.5474,0.5,0.07,9692.673509
Fog2,0.35,0.15,1.54,0.418867925,0.09,0.028,0.34,Carbone et al,Mediterranean,coastal forest,pulse_peak,0.00817,1.5474,0.5,0.07,10009.93751
Fog2,0.37,0.15,1.54,0.418867925,0.09,0.028,0.35,Carbone et al,Mediterranean,coastal forest,pulse_peak,0.00817,1.5474,0.5,0.07,8178.034808
Fog2,0.37,0.16,1.54,0.418867925,0.09,0.028,0.39,Carbone et al,Mediterranean,coastal forest,pulse_peak,0.00817,1.5474,0.5,0.07,7371.564234
Fog2,0.39,0.16,1.54,0.418867925,0.09,0.028,0.36,Carbone et al,Mediterranean,coastal forest,pulse_peak,0.00817,1.5474,0.5,0.07,5650.148827
Fog2,0.42,0.18,1.54,0.418867925,0.09,0.028,0.36,Carbone et al,Mediterranean,coastal forest,pulse_peak,0.00817,1.5474,0.5,0.07,4140.212855
Fog2,0.42,0.17,1.54,0.418867925,0.09,0.028,0.42,Carbone et al,Mediterranean,coastal forest,pulse_peak,0.00817,1.5474,0.5,0.07,4306.628646
Fog2,0.43,0.18,1.54,0.418867925,0.09,0.028,0.45,Carbone et al,Mediterranean,coastal forest,pulse_peak,0.00817,1.5474,0.5,0.07,3698.342935
Fog2,0.4,0.17,1.54,0.418867925,0.09,0.028,0.43,Carbone et al,Mediterranean,coastal forest,pulse_peak,0.00817,1.5474,0.5,0.07,5473.105654
Fog2,0.39,0.16,1.54,0.418867925,0.09,0.028,0.46,Carbone et al,Mediterranean,coastal forest,pulse_peak,0.00817,1.5474,0.5,0.07,6049.435142
Fog2,0.4,0.17,1.54,0.418867925,0.09,0.028,0.46,Carbone et al,Mediterranean,coastal forest,pulse_peak,0.00817,1.5474,0.5,0.07,4994.127387
Fog2,0.37,0.15,1.54,0.418867925,0.09,0.028,0.48,Carbone et al,Mediterranean,coastal forest,pulse_peak,0.00817,1.5474,0.5,0.07,7761.573196
Fog2,0.42,0.17,1.54,0.418867925,0.09,0.028,0.61,Carbone et al,Mediterranean,coastal forest,pulse_peak,0.00817,1.5474,0.5,0.07,4300.12075
Fog2,0.43,0.18,1.54,0.418867925,0.09,0.028,0.56,Carbone et al,Mediterranean,coastal forest,pulse_peak,0.00817,1.5474,0.5,0.07,3793.975138
Fog2,0.44,0.18,1.54,0.418867925,0.09,0.028,0.57,Carbone et al,Mediterranean,coastal forest,pulse_peak,0.00817,1.5474,0.5,0.07,3381.692004
Fog2,0.44,0.19,1.54,0.418867925,0.09,0.028,0.55,Carbone et al,Mediterranean,coastal forest,pulse_peak,0.00817,1.5474,0.5,0.07,3164.486449
Fog2,0.47,0.2,1.54,0.418867925,0.09,0.028,0.62,Carbone et al,Mediterranean,coastal forest,pulse_peak,0.00817,1.5474,0.5,0.07,2345.635422
Fog2,0.45,0.19,1.54,0.418867925,0.09,0.028,0.77,Carbone et al,Mediterranean,coastal forest,pulse_peak,0.00817,1.5474,0.5,0.07,3018.954009
Fog2,0.51,0.21,1.54,0.418867925,0.09,0.028,0.76,Carbone et al,Mediterranean,coastal forest,pulse_peak,0.00817,1.5474,0.5,0.07,1676.320093
Fog2,0.53,0.22,1.54,0.418867925,0.09,0.028,0.83,Carbone et al,Mediterranean,coastal forest,pulse_peak,0.00817,1.5474,0.5,0.07,1425.234522
Fog2,0.54,0.23,1.54,0.418867925,0.09,0.028,0.82,Carbone et al,Mediterranean,coastal forest,pulse_peak,0.00817,1.5474,0.5,0.07,1259.254035
Fog2,0.59,0.25,1.54,0.418867925,0.09,0.028,0.64,Carbone et al,Mediterranean,coastal forest,pulse_peak,0.00817,1.5474,0.5,0.07,862.7151653
Fog2,0.57,0.24,1.54,0.418867925,0.09,0.028,0.84,Carbone et al,Mediterranean,coastal forest,pulse_peak,0.00817,1.5474,0.5,0.07,997.4981572
Fog2,0.6,0.25,1.54,0.418867925,0.09,0.028,0.79,Carbone et al,Mediterranean,coastal forest,pulse_peak,0.00817,1.5474,0.5,0.07,823.194597
Fog2,0.6,0.25,1.54,0.418867925,0.09,0.028,0.87,Carbone et al,Mediterranean,coastal forest,pulse_peak,0.00817,1.5474,0.5,0.07,835.8251652
Fog2,0.62,0.26,1.54,0.418867925,0.09,0.028,0.95,Carbone et al,Mediterranean,coastal forest,pulse_peak,0.00817,1.5474,0.5,0.07,722.5010132
Fog2,0.72,0.3,1.54,0.418867925,0.09,0.028,1,Carbone et al,Mediterranean,coastal forest,pulse_peak,0.00817,1.5474,0.5,0.07,383.8431022
Grazing,0.17,0.08,1.47,0.445283019,0.1,0.0158,0.032110092,Nie,semi_arid,grassland,year-long grazing,0.0072,1.5652,0.4,0,9060.071919
Grazing,0.17,0.08,1.47,0.445283019,0.1,0.0158,0.041284404,Nie,semi_arid,grassland,year-long grazing,0.0072,1.5652,0.4,0,9060.071919
Grazing,0.2,0.09,1.47,0.445283019,0.1,0.0158,0.02293578,Nie,semi_arid,grassland,year-long grazing,0.0072,1.5652,0.4,0,5433.170772
Grazing,0.22,0.1,1.47,0.445283019,0.1,0.0158,0.119266055,Nie,semi_arid,grassland,year-long grazing,0.0072,1.5652,0.4,0,4035.785199
Grazing,0.22,0.1,1.47,0.445283019,0.1,0.0158,0.105504587,Nie,semi_arid,grassland,year-long grazing,0.0072,1.5652,0.4,0,4035.785199
Grazing,0.25,0.11,1.47,0.445283019,0.1,0.0158,0.123853211,Nie,semi_arid,grassland,year-long grazing,0.0072,1.5652,0.4,0,3078.973912
Grazing,0.25,0.11,1.47,0.445283019,0.1,0.0158,0.399082569,Nie,semi_arid,grassland,year-long grazing,0.0072,1.5652,0.4,0,3078.973912
Grazing,0.25,0.11,1.47,0.445283019,0.1,0.0158,0.486238532,Nie,semi_arid,grassland,year-long grazing,0.0072,1.5652,0.4,0,3078.973912
Grazing,0.25,0.11,1.47,0.445283019,0.1,0.0158,0.353211009,Nie,semi_arid,grassland,year-long grazing,0.0072,1.5652,0.4,0,3078.973912
Grazing,0.25,0.11,1.47,0.445283019,0.1,0.0158,0.536697248,Nie,semi_arid,grassland,year-long grazing,0.0072,1.5652,0.4,0,3078.973912
Grazing,0.29,0.13,1.47,0.445283019,0.1,0.0158,0.766055046,Nie,semi_arid,grassland,year-long grazing,0.0072,1.5652,0.4,0,1905.754399
Grazing,0.34,0.15,1.47,0.445283019,0.1,0.0158,0.660550459,Nie,semi_arid,grassland,year-long grazing,0.0072,1.5652,0.4,0,1253.184287
Grazing,0.38,0.17,1.47,0.445283019,0.1,0.0158,1,Nie,semi_arid,grassland,year-long grazing,0.0072,1.5652,0.4,0,860.1082016
Grazing,0.4,0.18,1.47,0.445283019,0.1,0.0158,0.697247706,Nie,semi_arid,grassland,year-long grazing,0.0072,1.5652,0.4,0,721.201225
Grazing,0.45,0.2,1.47,0.445283019,0.1,0.0158,0.899082569,Nie,semi_arid,grassland,year-long grazing,0.0072,1.5652,0.4,0,516.2368698
Grazing,0.45,0.2,1.47,0.445283019,0.1,0.0158,0.527522936,Nie,semi_arid,grassland,year-long grazing,0.0072,1.5652,0.4,0,516.2368698
Grazing,0.45,0.2,1.47,0.445283019,0.1,0.0158,0.449541284,Nie,semi_arid,grassland,year-long grazing,0.0072,1.5652,0.4,0,516.2368698
Grazing,0.49,0.22,1.47,0.445283019,0.1,0.0158,0.486238532,Nie,semi_arid,grassland,year-long grazing,0.0072,1.5652,0.4,0,375.894639
mix,0.81,0.41,1.29,0.513207547,0.36,0.0391,0.543271316,Wangluk,troplical,forest,mixed forest,0.0103,1.5194,0.45,0,17.15364746
mix,0.27,0.14,1.29,0.513207547,0.36,0.0391,0.64262303,Wangluk,troplical,forest,mixed forest,0.0103,1.5194,0.45,0,1946.744382
mix,0.26,0.13,1.29,0.513207547,0.36,0.0391,0.620234251,Wangluk,troplical,forest,mixed forest,0.0103,1.5194,0.45,0,2246.875148
mix,0.29,0.15,1.29,0.513207547,0.36,0.0391,0.686364294,Wangluk,troplical,forest,mixed forest,0.0103,1.5194,0.45,0,1515.636444
mix,0.3,0.15,1.29,0.513207547,0.36,0.0391,0.723237095,Wangluk,troplical,forest,mixed forest,0.0103,1.5194,0.45,0,1473.46624
mix,0.28,0.15,1.29,0.513207547,0.36,0.0391,0.734021786,Wangluk,troplical,forest,mixed forest,0.0103,1.5194,0.45,0,1683.905269
mix,0.31,0.16,1.29,0.513207547,0.36,0.0391,0.660372584,Wangluk,troplical,forest,mixed forest,0.0103,1.5194,0.45,0,1292.930392
mix,0.32,0.17,1.29,0.513207547,0.36,0.0391,0.726273678,Wangluk,troplical,forest,mixed forest,0.0103,1.5194,0.45,0,1115.426435
mix,0.35,0.18,1.29,0.513207547,0.36,0.0391,0.656396105,Wangluk,troplical,forest,mixed forest,0.0103,1.5194,0.45,0,869.0311633
mix,0.36,0.18,1.29,0.513207547,0.36,0.0391,0.670976527,Wangluk,troplical,forest,mixed forest,0.0103,1.5194,0.45,0,831.6614223
mix,0.37,0.19,1.29,0.513207547,0.36,0.0391,0.827613631,Wangluk,troplical,forest,mixed forest,0.0103,1.5194,0.45,0,743.5591293
mix,0.52,0.27,1.29,0.513207547,0.36,0.0391,0.827312383,Wangluk,troplical,forest,mixed forest,0.0103,1.5194,0.45,0,235.7317797
mix,0.55,0.28,1.29,0.513207547,0.36,0.0391,0.908167446,Wangluk,troplical,forest,mixed forest,0.0103,1.5194,0.45,0,187.5361683
mix,0.55,0.28,1.29,0.513207547,0.36,0.0391,0.75379573,Wangluk,troplical,forest,mixed forest,0.0103,1.5194,0.45,0,187.2634554
mix,0.55,0.28,1.29,0.513207547,0.36,0.0391,1,Wangluk,troplical,forest,mixed forest,0.0103,1.5194,0.45,0,186.0780689
mix,0.55,0.28,1.29,0.513207547,0.36,0.0391,0.779172892,Wangluk,troplical,forest,mixed forest,0.0103,1.5194,0.45,0,180.2504564
mix,0.59,0.3,1.29,0.513207547,0.36,0.0391,0.852605196,Wangluk,troplical,forest,mixed forest,0.0103,1.5194,0.45,0,142.6101825
mix,0.6,0.31,1.29,0.513207547,0.36,0.0391,0.870559599,Wangluk,troplical,forest,mixed forest,0.0103,1.5194,0.45,0,134.7399553
mix,0.64,0.33,1.29,0.513207547,0.36,0.0391,0.687159589,Wangluk,troplical,forest,mixed forest,0.0103,1.5194,0.45,0,96.76190369
mix,0.6,0.31,1.29,0.513207547,0.36,0.0391,0.812081265,Wangluk,troplical,forest,mixed forest,0.0103,1.5194,0.45,0,129.0211292
mix,0.61,0.31,1.29,0.513207547,0.36,0.0391,0.833108401,Wangluk,troplical,forest,mixed forest,0.0103,1.5194,0.45,0,125.1783667
mix,0.71,0.37,1.29,0.513207547,0.36,0.0391,0.818262881,Wangluk,troplical,forest,mixed forest,0.0103,1.5194,0.45,0,52.73856265
mix,0.73,0.37,1.29,0.513207547,0.36,0.0391,0.663770666,Wangluk,troplical,forest,mixed forest,0.0103,1.5194,0.45,0,45.7244142
mix,0.74,0.38,1.29,0.513207547,0.36,0.0391,0.821516364,Wangluk,troplical,forest,mixed forest,0.0103,1.5194,0.45,0,39.92829695
mix,0.77,0.4,1.29,0.513207547,0.36,0.0391,0.508206006,Wangluk,troplical,forest,mixed forest,0.0103,1.5194,0.45,0,28.20158619
OakOA,0.18,0.07,1.64,0.381132075,0.1,0.0092,0.070848374,Tang,Mediterranean,savanna,open,0.0122,1.4502,0.44,0,23088.24013
OakOA,0.18,0.07,1.64,0.381132075,0.1,0.0092,0.079323201,Tang,Mediterranean,savanna,open,0.0122,1.4502,0.44,0,23088.24013
OakOA,0.18,0.07,1.64,0.381132075,0.1,0.0092,0.095649334,Tang,Mediterranean,savanna,open,0.0122,1.4502,0.44,0,23088.24013
OakOA,0.18,0.07,1.64,0.381132075,0.1,0.0092,0.19109931,Tang,Mediterranean,savanna,open,0.0122,1.4502,0.44,0,24408.85399
OakOA,0.21,0.08,1.64,0.381132075,0.1,0.0092,0.170344889,Tang,Mediterranean,savanna,open,0.0122,1.4502,0.44,0,14251.98577
OakOA,0.2,0.08,1.64,0.381132075,0.1,0.0092,0.236171142,Tang,Mediterranean,savanna,open,0.0122,1.4502,0.44,0,15761.29373
OakOA,0.3,0.11,1.64,0.381132075,0.1,0.0092,0.286091187,Tang,Mediterranean,savanna,open,0.0122,1.4502,0.44,0,4511.940697
OakOA,0.3,0.11,1.64,0.381132075,0.1,0.0092,0.572899214,Tang,Mediterranean,savanna,open,0.0122,1.4502,0.44,0,4441.03068
OakOA,0.33,0.13,1.64,0.381132075,0.1,0.0092,0.610336066,Tang,Mediterranean,savanna,open,0.0122,1.4502,0.44,0,3007.213725
OakOA,0.34,0.13,1.64,0.381132075,0.1,0.0092,0.71835831,Tang,Mediterranean,savanna,open,0.0122,1.4502,0.44,0,2963.943077
OakOA,0.36,0.14,1.64,0.381132075,0.1,0.0092,0.751634098,Tang,Mediterranean,savanna,open,0.0122,1.4502,0.44,0,2438.982859
OakOA,0.36,0.14,1.64,0.381132075,0.1,0.0092,0.522177496,Tang,Mediterranean,savanna,open,0.0122,1.4502,0.44,0,2405.583854
OakOA,0.43,0.17,1.64,0.381132075,0.1,0.0092,0.966724212,Tang,Mediterranean,savanna,open,0.0122,1.4502,0.44,0,1265.30119
OakOA,0.52,0.2,1.64,0.381132075,0.1,0.0092,1,Tang,Mediterranean,savanna,open,0.0122,1.4502,0.44,0,685.574816
OakOA,0.52,0.2,1.64,0.381132075,0.1,0.0092,0.519899727,Tang,Mediterranean,savanna,open,0.0122,1.4502,0.44,0,678.7399993
OakOA,0.72,0.27,1.64,0.381132075,0.1,0.0092,0.490785003,Tang,Mediterranean,savanna,open,0.0122,1.4502,0.44,0,200.7834791
OakOA,0.72,0.27,1.64,0.381132075,0.1,0.0092,0.353126312,Tang,Mediterranean,savanna,open,0.0122,1.4502,0.44,0,202.523275
OakOA,0.76,0.29,1.64,0.381132075,0.1,0.0092,0.348939798,Tang,Mediterranean,savanna,open,0.0122,1.4502,0.44,0,157.6392301
OakOA,0.77,0.29,1.64,0.381132075,0.1,0.0092,0.435558647,Tang,Mediterranean,savanna,open,0.0122,1.4502,0.44,0,154.7521694
OakOA,0.86,0.33,1.64,0.381132075,0.1,0.0092,0.464673371,Tang,Mediterranean,savanna,open,0.0122,1.4502,0.44,0,87.95958165
OakOA,0.86,0.33,1.64,0.381132075,0.1,0.0092,0.785037136,Tang,Mediterranean,savanna,open,0.0122,1.4502,0.44,0,87.14948814
OakOA,0.87,0.33,1.64,0.381132075,0.1,0.0092,0.555542359,Tang,Mediterranean,savanna,open,0.0122,1.4502,0.44,0,85.16480795
OakOA,0.95,0.36,1.64,0.381132075,0.1,0.0092,0.493050047,Tang,Mediterranean,savanna,open,0.0122,1.4502,0.44,0,49.76892209
OakOA,0.96,0.37,1.64,0.381132075,0.1,0.0092,0.509567054,Tang,Mediterranean,savanna,open,0.0122,1.4502,0.44,0,46.29548306
OakUT,0.18,0.07,1.64,0.381132075,0.1,0.0092,0.07088744,Tang,Mediterranean,savanna,under,0.0122,1.4502,0.44,0,23088.24013
OakUT,0.17,0.07,1.64,0.381132075,0.1,0.0092,0.091085371,Tang,Mediterranean,savanna,under,0.0122,1.4502,0.44,0,26708.9318
OakUT,0.18,0.07,1.64,0.381132075,0.1,0.0092,0.118872031,Tang,Mediterranean,savanna,under,0.0122,1.4502,0.44,0,23088.24013
OakUT,0.17,0.07,1.64,0.381132075,0.1,0.0092,0.146674162,Tang,Mediterranean,savanna,under,0.0122,1.4502,0.44,0,26072.12696
OakUT,0.18,0.07,1.64,0.381132075,0.1,0.0092,0.146890762,Tang,Mediterranean,savanna,under,0.0122,1.4502,0.44,0,23913.83389
OakUT,0.2,0.08,1.64,0.381132075,0.1,0.0092,0.24518839,Tang,Mediterranean,savanna,under,0.0122,1.4502,0.44,0,14820.40453
OakUT,0.23,0.09,1.64,0.381132075,0.1,0.0092,0.273060143,Tang,Mediterranean,savanna,under,0.0122,1.4502,0.44,0,10030.40655
OakUT,0.21,0.08,1.64,0.381132075,0.1,0.0092,0.257395336,Tang,Mediterranean,savanna,under,0.0122,1.4502,0.44,0,14222.28006
OakUT,0.3,0.11,1.64,0.381132075,0.1,0.0092,0.216914381,Tang,Mediterranean,savanna,under,0.0122,1.4502,0.44,0,4463.591408
OakUT,0.3,0.11,1.64,0.381132075,0.1,0.0092,0.429228595,Tang,Mediterranean,savanna,under,0.0122,1.4502,0.44,0,4374.896009
OakUT,0.33,0.13,1.64,0.381132075,0.1,0.0092,0.492429321,Tang,Mediterranean,savanna,under,0.0122,1.4502,0.44,0,3068.575588
OakUT,0.34,0.13,1.64,0.381132075,0.1,0.0092,0.53290254,Tang,Mediterranean,savanna,under,0.0122,1.4502,0.44,0,2846.892937
OakUT,0.34,0.13,1.64,0.381132075,0.1,0.0092,0.545442121,Tang,Mediterranean,savanna,under,0.0122,1.4502,0.44,0,2853.045637
OakUT,0.36,0.14,1.64,0.381132075,0.1,0.0092,0.588437181,Tang,Mediterranean,savanna,under,0.0122,1.4502,0.44,0,2312.069077
OakUT,0.36,0.14,1.64,0.381132075,0.1,0.0092,0.623866719,Tang,Mediterranean,savanna,under,0.0122,1.4502,0.44,0,2283.476848
OakUT,0.36,0.14,1.64,0.381132075,0.1,0.0092,0.357889905,Tang,Mediterranean,savanna,under,0.0122,1.4502,0.44,0,2355.52076
OakUT,0.44,0.17,1.64,0.381132075,0.1,0.0092,0.393303972,Tang,Mediterranean,savanna,under,0.0122,1.4502,0.44,0,1221.236988
OakUT,0.44,0.17,1.64,0.381132075,0.1,0.0092,0.964578198,Tang,Mediterranean,savanna,under,0.0122,1.4502,0.44,0,1223.072512
OakUT,0.52,0.2,1.64,0.381132075,0.1,0.0092,1,Tang,Mediterranean,savanna,under,0.0122,1.4502,0.44,0,680.3931835
OakUT,0.52,0.2,1.64,0.381132075,0.1,0.0092,0.404621311,Tang,Mediterranean,savanna,under,0.0122,1.4502,0.44,0,688.6679575
OakUT,0.71,0.27,1.64,0.381132075,0.1,0.0092,0.442534011,Tang,Mediterranean,savanna,under,0.0122,1.4502,0.44,0,208.8856096
OakUT,0.72,0.27,1.64,0.381132075,0.1,0.0092,0.697796871,Tang,Mediterranean,savanna,under,0.0122,1.4502,0.44,0,201.5870305
OakUT,0.77,0.29,1.64,0.381132075,0.1,0.0092,0.761051747,Tang,Mediterranean,savanna,under,0.0122,1.4502,0.44,0,155.7088245
OakUT,0.76,0.29,1.64,0.381132075,0.1,0.0092,0.601224305,Tang,Mediterranean,savanna,under,0.0122,1.4502,0.44,0,158.9177834
OakUT,0.86,0.33,1.64,0.381132075,0.1,0.0092,0.656844038,Tang,Mediterranean,savanna,under,0.0122,1.4502,0.44,0,89.84258
OakUT,0.87,0.33,1.64,0.381132075,0.1,0.0092,0.707396883,Tang,Mediterranean,savanna,under,0.0122,1.4502,0.44,0,86.5383884
OakUT,0.87,0.33,1.64,0.381132075,0.1,0.0092,0.484438336,Tang,Mediterranean,savanna,under,0.0122,1.4502,0.44,0,82.49054375
OakUT,0.95,0.36,1.64,0.381132075,0.1,0.0092,0.469191258,Tang,Mediterranean,savanna,under,0.0122,1.4502,0.44,0,50.06148358
OakUT,0.96,0.37,1.64,0.381132075,0.1,0.0092,0.446347715,Tang,Mediterranean,savanna,under,0.0122,1.4502,0.44,0,44.96673008
open,0.17,0.07,1.56,0.411320755,0.1,0.017,0.028735632,Yuste,Mediterranean,savanna,open,0.0122,1.4502,0.43,0,19520.14099
open,0.17,0.07,1.56,0.411320755,0.1,0.017,0.045977011,Yuste,Mediterranean,savanna,open,0.0122,1.4502,0.43,0,19520.14099
open,0.19,0.08,1.56,0.411320755,0.1,0.017,0.091954023,Yuste,Mediterranean,savanna,open,0.0122,1.4502,0.43,0,12676.54379
open,0.28,0.11,1.56,0.411320755,0.1,0.017,0.12,Yuste,Mediterranean,savanna,open,0.0122,1.4502,0.43,0,4063.291132
open,0.3,0.13,1.56,0.411320755,0.1,0.017,0.15,Yuste,Mediterranean,savanna,open,0.0122,1.4502,0.43,0,2934.771125
open,0.3,0.12,1.56,0.411320755,0.1,0.017,0.24137931,Yuste,Mediterranean,savanna,open,0.0122,1.4502,0.43,0,3210.779101
open,0.49,0.2,1.56,0.411320755,0.1,0.017,0.408045977,Yuste,Mediterranean,savanna,open,0.0122,1.4502,0.43,0,573.8001674
open,0.6,0.25,1.56,0.411320755,0.1,0.017,0.775862069,Yuste,Mediterranean,savanna,open,0.0122,1.4502,0.43,0,286.1038454
open,0.77,0.32,1.56,0.411320755,0.1,0.017,0.856321839,Yuste,Mediterranean,savanna,open,0.0122,1.4502,0.43,0,91.9001267
open,0.94,0.39,1.56,0.411320755,0.1,0.017,1,Yuste,Mediterranean,savanna,open,0.0122,1.4502,0.43,0,23.21042544
open,0.97,0.4,1.56,0.411320755,0.1,0.017,0.620689655,Yuste,Mediterranean,savanna,open,0.0122,1.4502,0.43,0,14.82742439
Pineforest,0.41,0.19,1.4,0.471698113,0.22,0.117,0.735682819,Han,continental monsoon,pineforest,canopy,0.025,1.31,0.46,0.083,5708.889225
Pineforest,0.49,0.23,1.4,0.471698113,0.22,0.117,0.753303965,Han,continental monsoon,pineforest,canopy,0.025,1.31,0.46,0.083,1650.612778
Pineforest,0.61,0.29,1.4,0.471698113,0.22,0.117,1,Han,continental monsoon,pineforest,canopy,0.025,1.31,0.46,0.083,354.1160302
Pineforest,0.62,0.29,1.4,0.471698113,0.22,0.117,0.77092511,Han,continental monsoon,pineforest,canopy,0.025,1.31,0.46,0.083,336.2591137
Pineforest,0.65,0.31,1.4,0.471698113,0.22,0.117,0.753303965,Han,continental monsoon,pineforest,canopy,0.025,1.31,0.46,0.083,252.4424074
Pineforest,0.77,0.36,1.4,0.471698113,0.22,0.117,0.744493392,Han,continental monsoon,pineforest,canopy,0.025,1.31,0.46,0.083,79.15078468
Pineforest,0.79,0.37,1.4,0.471698113,0.22,0.117,0.674008811,Han,continental monsoon,pineforest,canopy,0.025,1.31,0.46,0.083,61.53623825
Pineforest,0.81,0.38,1.4,0.471698113,0.22,0.117,0.524229075,Han,continental monsoon,pineforest,canopy,0.025,1.31,0.46,0.083,52.28948902
Pineforest,0.85,0.4,1.4,0.471698113,0.22,0.117,0.40969163,Han,continental monsoon,pineforest,canopy,0.025,1.31,0.46,0.083,31.87626676
Pineforest,0.89,0.42,1.4,0.471698113,0.22,0.117,0.488986784,Han,continental monsoon,pineforest,canopy,0.025,1.31,0.46,0.083,18.22625855
Pineforest,0.4,0.19,1.4,0.471698113,0.22,0.117,0.533333333,Han,continental monsoon,pineforest,canopy,0.025,1.31,0.46,0.083,6047.868652
Pineforest,0.55,0.26,1.4,0.471698113,0.22,0.117,0.622222222,Han,continental monsoon,pineforest,canopy,0.025,1.31,0.46,0.083,715.9480606
Pineforest,0.56,0.26,1.4,0.471698113,0.22,0.117,0.733333333,Han,continental monsoon,pineforest,canopy,0.025,1.31,0.46,0.083,642.0641247
Pineforest,0.61,0.29,1.4,0.471698113,0.22,0.117,0.851851852,Han,continental monsoon,pineforest,canopy,0.025,1.31,0.46,0.083,383.2815724
Pineforest,0.66,0.31,1.4,0.471698113,0.22,0.117,0.777777778,Han,continental monsoon,pineforest,canopy,0.025,1.31,0.46,0.083,216.081614
Pineforest,0.71,0.34,1.4,0.471698113,0.22,0.117,1,Han,continental monsoon,pineforest,canopy,0.025,1.31,0.46,0.083,132.7659881
Pineforest,0.78,0.37,1.4,0.471698113,0.22,0.117,0.437037037,Han,continental monsoon,pineforest,canopy,0.025,1.31,0.46,0.083,72.09400515
Pineforest,0.81,0.38,1.4,0.471698113,0.22,0.117,0.481481481,Han,continental monsoon,pineforest,canopy,0.025,1.31,0.46,0.083,50.58020713
Pineforest,0.85,0.4,1.4,0.471698113,0.22,0.117,0.711111111,Han,continental monsoon,pineforest,canopy,0.025,1.31,0.46,0.083,31.87626676
Pineforest,0.9,0.42,1.4,0.471698113,0.22,0.117,0.451851852,Han,continental monsoon,pineforest,canopy,0.025,1.31,0.46,0.083,15.61839591
Pineforest,0.95,0.45,1.4,0.471698113,0.22,0.117,0.42962963,Han,continental monsoon,pineforest,canopy,0.025,1.31,0.46,0.083,3.67353156
Rain1,0.33,0.14,1.54,0.418867925,0.09,0.028,0.12,Carbone et al,Mediterranean,coastal forest,pre-pulse,0.00817,1.5474,0.5,0.07,14818.87299
Rain1,0.32,0.14,1.54,0.418867925,0.09,0.028,0.13,Carbone et al,Mediterranean,coastal forest,pre-pulse,0.00817,1.5474,0.5,0.07,16101.75598
Rain1,0.33,0.14,1.54,0.418867925,0.09,0.028,0.15,Carbone et al,Mediterranean,coastal forest,pre-pulse,0.00817,1.5474,0.5,0.07,15201.06718
Rain1,0.38,0.16,1.54,0.418867925,0.09,0.028,0.38,Carbone et al,Mediterranean,coastal forest,pre-pulse,0.00817,1.5474,0.5,0.07,6922.131667
Rain1,0.45,0.19,1.54,0.418867925,0.09,0.028,0.52,Carbone et al,Mediterranean,coastal forest,pre-pulse,0.00817,1.5474,0.5,0.07,2865.74768
Rain1,0.45,0.19,1.54,0.418867925,0.09,0.028,0.55,Carbone et al,Mediterranean,coastal forest,pre-pulse,0.00817,1.5474,0.5,0.07,2817.168778
Rain1,0.45,0.19,1.54,0.418867925,0.09,0.028,0.62,Carbone et al,Mediterranean,coastal forest,pre-pulse,0.00817,1.5474,0.5,0.07,2810.951077
Rain1,0.48,0.2,1.54,0.418867925,0.09,0.028,0.71,Carbone et al,Mediterranean,coastal forest,pre-pulse,0.00817,1.5474,0.5,0.07,2231.018699
Rain1,0.49,0.2,1.54,0.418867925,0.09,0.028,0.73,Carbone et al,Mediterranean,coastal forest,pre-pulse,0.00817,1.5474,0.5,0.07,2073.33989
Rain1,0.5,0.21,1.54,0.418867925,0.09,0.028,0.76,Carbone et al,Mediterranean,coastal forest,pre-pulse,0.00817,1.5474,0.5,0.07,1825.051414
Rain1,0.54,0.23,1.54,0.418867925,0.09,0.028,0.64,Carbone et al,Mediterranean,coastal forest,pre-pulse,0.00817,1.5474,0.5,0.07,1268.922357
Rain1,0.62,0.26,1.54,0.418867925,0.09,0.028,0.6,Carbone et al,Mediterranean,coastal forest,pre-pulse,0.00817,1.5474,0.5,0.07,736.610088
Rain1,0.62,0.26,1.54,0.418867925,0.09,0.028,0.68,Carbone et al,Mediterranean,coastal forest,pre-pulse,0.00817,1.5474,0.5,0.07,696.6239158
Rain1,0.68,0.29,1.54,0.418867925,0.09,0.028,1,Carbone et al,Mediterranean,coastal forest,pulse_peak,0.00817,1.5474,0.5,0.07,476.8477504
Rain2,0.36,0.15,1.54,0.418867925,0.09,0.028,0.5,Carbone et al,Mediterranean,coastal forest,pulse_peak,0.00817,1.5474,0.5,0.07,8464.123158
Rain2,0.41,0.17,1.54,0.418867925,0.09,0.028,0.669379849,Carbone et al,Mediterranean,coastal forest,pulse_peak,0.00817,1.5474,0.5,0.07,4485.874124
Rain2,0.46,0.19,1.54,0.418867925,0.09,0.028,0.599901363,Carbone et al,Mediterranean,coastal forest,pulse_peak,0.00817,1.5474,0.5,0.07,2680.550598
Rain2,0.43,0.18,1.54,0.418867925,0.09,0.028,0.840163934,Carbone et al,Mediterranean,coastal forest,pulse_peak,0.00817,1.5474,0.5,0.07,3599.596647
Rain2,0.49,0.2,1.54,0.418867925,0.09,0.028,0.635245902,Carbone et al,Mediterranean,coastal forest,pulse_peak,0.00817,1.5474,0.5,0.07,2056.892894
Rain2,0.49,0.2,1.54,0.418867925,0.09,0.028,0.754098361,Carbone et al,Mediterranean,coastal forest,pulse_peak,0.00817,1.5474,0.5,0.07,2073.929724
Rain2,0.5,0.21,1.54,0.418867925,0.09,0.028,0.758196721,Carbone et al,Mediterranean,coastal forest,pulse_peak,0.00817,1.5474,0.5,0.07,1761.138055
Rain2,0.5,0.21,1.54,0.418867925,0.09,0.028,0.93852459,Carbone et al,Mediterranean,coastal forest,pulse_peak,0.00817,1.5474,0.5,0.07,1796.43631
Rain2,0.61,0.26,1.54,0.418867925,0.09,0.028,0.840163934,Carbone et al,Mediterranean,coastal forest,pulse_peak,0.00817,1.5474,0.5,0.07,758.4356188
Rain2,0.64,0.27,1.54,0.418867925,0.09,0.028,0.655737705,Carbone et al,Mediterranean,coastal forest,pulse_peak,0.00817,1.5474,0.5,0.07,647.6243141
Rain2,0.63,0.26,1.54,0.418867925,0.09,0.028,0.704918033,Carbone et al,Mediterranean,coastal forest,pulse_peak,0.00817,1.5474,0.5,0.07,666.8208651
Rain2,0.69,0.29,1.54,0.418867925,0.09,0.028,1,Carbone et al,Mediterranean,coastal forest,pulse_peak,0.00817,1.5474,0.5,0.07,462.669498
Rain2,0.74,0.31,1.54,0.418867925,0.09,0.028,0.651639344,Carbone et al,Mediterranean,coastal forest,pulse_peak,0.00817,1.5474,0.5,0.07,326.362228
Range,0.2,0.1,1.41,0.467924528,0.23,0.0127,0.077522911,Felton,semi_arid,grassland,natural,0.0115,1.4321,0.38,0.02,10558.19931
Range,0.21,0.1,1.41,0.467924528,0.23,0.0127,0.053163773,Felton,semi_arid,grassland,natural,0.0115,1.4321,0.38,0.02,9012.433648
Range,0.21,0.1,1.41,0.467924528,0.23,0.0127,0.087816787,Felton,semi_arid,grassland,natural,0.0115,1.4321,0.38,0.02,9422.376951
Range,0.22,0.1,1.41,0.467924528,0.23,0.0127,0.163772842,Felton,semi_arid,grassland,natural,0.0115,1.4321,0.38,0.02,7428.338671
Range,0.23,0.11,1.41,0.467924528,0.23,0.0127,0.156740212,Felton,semi_arid,grassland,natural,0.0115,1.4321,0.38,0.02,6568.130011
Range,0.2,0.09,1.41,0.467924528,0.23,0.0127,0.19179405,Felton,semi_arid,grassland,natural,0.0115,1.4321,0.38,0.02,11062.01885
Range,0.24,0.11,1.41,0.467924528,0.23,0.0127,0.184214841,Felton,semi_arid,grassland,natural,0.0115,1.4321,0.38,0.02,5199.162657
Range,0.25,0.12,1.41,0.467924528,0.23,0.0127,0.170258896,Felton,semi_arid,grassland,natural,0.0115,1.4321,0.38,0.02,4651.848361
Range,0.25,0.12,1.41,0.467924528,0.23,0.0127,0.142547416,Felton,semi_arid,grassland,natural,0.0115,1.4321,0.38,0.02,4567.949419
Range,0.26,0.12,1.41,0.467924528,0.23,0.0127,0.13199847,Felton,semi_arid,grassland,natural,0.0115,1.4321,0.38,0.02,3893.698126
Range,0.25,0.12,1.41,0.467924528,0.23,0.0127,0.087179113,Felton,semi_arid,grassland,natural,0.0115,1.4321,0.38,0.02,4651.848361
Range,0.25,0.12,1.41,0.467924528,0.23,0.0127,0.073296045,Felton,semi_arid,grassland,natural,0.0115,1.4321,0.38,0.02,4485.984428
Range,0.26,0.12,1.41,0.467924528,0.23,0.0127,0.069633975,Felton,semi_arid,grassland,natural,0.0115,1.4321,0.38,0.02,3697.607224
Range,0.27,0.13,1.41,0.467924528,0.23,0.0127,0.097272578,Felton,semi_arid,grassland,natural,0.0115,1.4321,0.38,0.02,3513.986815
Range,0.28,0.13,1.41,0.467924528,0.23,0.0127,0.069378906,Felton,semi_arid,grassland,natural,0.0115,1.4321,0.38,0.02,2932.752666
Range,0.29,0.13,1.41,0.467924528,0.23,0.0127,0.086596097,Felton,semi_arid,grassland,natural,0.0115,1.4321,0.38,0.02,2709.184453
Range,0.29,0.14,1.41,0.467924528,0.23,0.0127,0.07608359,Felton,semi_arid,grassland,natural,0.0115,1.4321,0.38,0.02,2431.339143
Range,0.3,0.14,1.41,0.467924528,0.23,0.0127,0.079472371,Felton,semi_arid,grassland,natural,0.0115,1.4321,0.38,0.02,2288.744135
Range,0.29,0.13,1.41,0.467924528,0.23,0.0127,0.107329604,Felton,semi_arid,grassland,natural,0.0115,1.4321,0.38,0.02,2625.852623
Range,0.28,0.13,1.41,0.467924528,0.23,0.0127,0.131688742,Felton,semi_arid,grassland,natural,0.0115,1.4321,0.38,0.02,2932.752666
Range,0.27,0.13,1.41,0.467924528,0.23,0.0127,0.131798058,Felton,semi_arid,grassland,natural,0.0115,1.4321,0.38,0.02,3233.090044
Range,0.27,0.13,1.41,0.467924528,0.23,0.0127,0.145717565,Felton,semi_arid,grassland,natural,0.0115,1.4321,0.38,0.02,3455.382248
Range,0.26,0.12,1.41,0.467924528,0.23,0.0127,0.156193634,Felton,semi_arid,grassland,natural,0.0115,1.4321,0.38,0.02,3761.535013
Range,0.26,0.12,1.41,0.467924528,0.23,0.0127,0.177000018,Felton,semi_arid,grassland,natural,0.0115,1.4321,0.38,0.02,3893.698126
Range,0.26,0.12,1.41,0.467924528,0.23,0.0127,0.208246033,Felton,semi_arid,grassland,natural,0.0115,1.4321,0.38,0.02,4251.156003
Range,0.26,0.12,1.41,0.467924528,0.23,0.0127,0.253174704,Felton,semi_arid,grassland,natural,0.0115,1.4321,0.38,0.02,3962.013153
Range,0.24,0.11,1.41,0.467924528,0.23,0.0127,0.308907392,Felton,semi_arid,grassland,natural,0.0115,1.4321,0.38,0.02,5610.682716
Range,0.22,0.1,1.41,0.467924528,0.23,0.0127,0.354236887,Felton,semi_arid,grassland,natural,0.0115,1.4321,0.38,0.02,8083.865812
Range,0.27,0.13,1.41,0.467924528,0.23,0.0127,0.24258932,Felton,semi_arid,grassland,natural,0.0115,1.4321,0.38,0.02,3286.907001
Range,0.28,0.13,1.41,0.467924528,0.23,0.0127,0.235574908,Felton,semi_arid,grassland,natural,0.0115,1.4321,0.38,0.02,3028.748092
Range,0.29,0.13,1.41,0.467924528,0.23,0.0127,0.228524059,Felton,semi_arid,grassland,natural,0.0115,1.4321,0.38,0.02,2709.184453
Range,0.28,0.13,1.41,0.467924528,0.23,0.0127,0.197460236,Felton,semi_arid,grassland,natural,0.0115,1.4321,0.38,0.02,2932.752666
Range,0.27,0.13,1.41,0.467924528,0.23,0.0127,0.194144333,Felton,semi_arid,grassland,natural,0.0115,1.4321,0.38,0.02,3341.874237
Range,0.27,0.13,1.41,0.467924528,0.23,0.0127,0.218339498,Felton,semi_arid,grassland,natural,0.0115,1.4321,0.38,0.02,3233.090044
Range,0.29,0.13,1.41,0.467924528,0.23,0.0127,0.197350921,Felton,semi_arid,grassland,natural,0.0115,1.4321,0.38,0.02,2667.104357
Range,0.29,0.14,1.41,0.467924528,0.23,0.0127,0.176526318,Felton,semi_arid,grassland,natural,0.0115,1.4321,0.38,0.02,2545.75483
Range,0.29,0.14,1.41,0.467924528,0.23,0.0127,0.19031829,Felton,semi_arid,grassland,natural,0.0115,1.4321,0.38,0.02,2431.339143
Range,0.3,0.14,1.41,0.467924528,0.23,0.0127,0.204055605,Felton,semi_arid,grassland,natural,0.0115,1.4321,0.38,0.02,2221.421986
Range,0.3,0.14,1.41,0.467924528,0.23,0.0127,0.162552153,Felton,semi_arid,grassland,natural,0.0115,1.4321,0.38,0.02,2288.744135
Range,0.3,0.14,1.41,0.467924528,0.23,0.0127,0.176325906,Felton,semi_arid,grassland,natural,0.0115,1.4321,0.38,0.02,2156.589391
Range,0.31,0.14,1.41,0.467924528,0.23,0.0127,0.186619782,Felton,semi_arid,grassland,natural,0.0115,1.4321,0.38,0.02,2004.676469
Range,0.31,0.14,1.41,0.467924528,0.23,0.0127,0.155483083,Felton,semi_arid,grassland,natural,0.0115,1.4321,0.38,0.02,2033.949099
Range,0.29,0.14,1.41,0.467924528,0.23,0.0127,0.138411646,Felton,semi_arid,grassland,natural,0.0115,1.4321,0.38,0.02,2468.737854
Range,0.32,0.15,1.41,0.467924528,0.23,0.0127,0.15531911,Felton,semi_arid,grassland,natural,0.0115,1.4321,0.38,0.02,1788.633327
Range,0.31,0.15,1.41,0.467924528,0.23,0.0127,0.183067029,Felton,semi_arid,grassland,natural,0.0115,1.4321,0.38,0.02,1866.036328
Range,0.32,0.15,1.41,0.467924528,0.23,0.0127,0.182903055,Felton,semi_arid,grassland,natural,0.0115,1.4321,0.38,0.02,1645.573169
Range,0.33,0.15,1.41,0.467924528,0.23,0.0127,0.203600124,Felton,semi_arid,grassland,natural,0.0115,1.4321,0.38,0.02,1558.127674
Range,0.33,0.15,1.41,0.467924528,0.23,0.0127,0.124036657,Felton,semi_arid,grassland,natural,0.0115,1.4321,0.38,0.02,1623.146456
Range,0.31,0.15,1.41,0.467924528,0.23,0.0127,0.099969027,Felton,semi_arid,grassland,natural,0.0115,1.4321,0.38,0.02,1839.774642
Range,0.31,0.15,1.41,0.467924528,0.23,0.0127,0.058483794,Felton,semi_arid,grassland,natural,0.0115,1.4321,0.38,0.02,1919.993387
Range,0.33,0.15,1.41,0.467924528,0.23,0.0127,0.072075355,Felton,semi_arid,grassland,natural,0.0115,1.4321,0.38,0.02,1579.4316
Range,0.34,0.16,1.41,0.467924528,0.23,0.0127,0.054639532,Felton,semi_arid,grassland,natural,0.0115,1.4321,0.38,0.02,1437.585681
Range,0.35,0.16,1.41,0.467924528,0.23,0.0127,0.172153698,Felton,semi_arid,grassland,natural,0.0115,1.4321,0.38,0.02,1261.421777
Range,0.36,0.17,1.41,0.467924528,0.23,0.0127,0.074972216,Felton,semi_arid,grassland,natural,0.0115,1.4321,0.38,0.02,1057.467057
Range,0.37,0.17,1.41,0.467924528,0.23,0.0127,0.13709986,Felton,semi_arid,grassland,natural,0.0115,1.4321,0.38,0.02,936.3007839
Range,0.37,0.17,1.41,0.467924528,0.23,0.0127,0.185581285,Felton,semi_arid,grassland,natural,0.0115,1.4321,0.38,0.02,947.6232185
Range,0.32,0.15,1.41,0.467924528,0.23,0.0127,0.245285769,Felton,semi_arid,grassland,natural,0.0115,1.4321,0.38,0.02,1739.268977
Range,0.32,0.15,1.41,0.467924528,0.23,0.0127,0.266110372,Felton,semi_arid,grassland,natural,0.0115,1.4321,0.38,0.02,1813.976995
Range,0.32,0.15,1.41,0.467924528,0.23,0.0127,0.262594057,Felton,semi_arid,grassland,natural,0.0115,1.4321,0.38,0.02,1739.268977
Range,0.33,0.15,1.41,0.467924528,0.23,0.0127,0.252026892,Felton,semi_arid,grassland,natural,0.0115,1.4321,0.38,0.02,1516.588812
Range,0.3,0.14,1.41,0.467924528,0.23,0.0127,0.242133839,Felton,semi_arid,grassland,natural,0.0115,1.4321,0.38,0.02,2221.421986
Range,0.3,0.14,1.41,0.467924528,0.23,0.0127,0.262903784,Felton,semi_arid,grassland,natural,0.0115,1.4321,0.38,0.02,2221.421986
Range,0.3,0.14,1.41,0.467924528,0.23,0.0127,0.280212072,Felton,semi_arid,grassland,natural,0.0115,1.4321,0.38,0.02,2221.421986
Range,0.29,0.13,1.41,0.467924528,0.23,0.0127,0.325450471,Felton,semi_arid,grassland,natural,0.0115,1.4321,0.38,0.02,2709.184453
Range,0.26,0.12,1.41,0.467924528,0.23,0.0127,0.305026691,Felton,semi_arid,grassland,natural,0.0115,1.4321,0.38,0.02,3697.607224
Range,0.28,0.13,1.41,0.467924528,0.23,0.0127,0.394829377,Felton,semi_arid,grassland,natural,0.0115,1.4321,0.38,0.02,3078.250214
Range,0.26,0.12,1.41,0.467924528,0.23,0.0127,0.408985734,Felton,semi_arid,grassland,natural,0.0115,1.4321,0.38,0.02,4103.319387
Range,0.3,0.14,1.41,0.467924528,0.23,0.0127,0.363328293,Felton,semi_arid,grassland,natural,0.0115,1.4321,0.38,0.02,2288.744135
Range,0.31,0.14,1.41,0.467924528,0.23,0.0127,0.373549292,Felton,semi_arid,grassland,natural,0.0115,1.4321,0.38,0.02,2004.676469
Range,0.31,0.14,1.41,0.467924528,0.23,0.0127,0.43584091,Felton,semi_arid,grassland,natural,0.0115,1.4321,0.38,0.02,1975.93411
Range,0.29,0.14,1.41,0.467924528,0.23,0.0127,0.453477144,Felton,semi_arid,grassland,natural,0.0115,1.4321,0.38,0.02,2585.409255
Range,0.32,0.15,1.41,0.467924528,0.23,0.0127,0.456410443,Felton,semi_arid,grassland,natural,0.0115,1.4321,0.38,0.02,1691.606148
Range,0.33,0.15,1.41,0.467924528,0.23,0.0127,0.435531182,Felton,semi_arid,grassland,natural,0.0115,1.4321,0.38,0.02,1558.127674
Range,0.33,0.16,1.41,0.467924528,0.23,0.0127,0.341975331,Felton,semi_arid,grassland,natural,0.0115,1.4321,0.38,0.02,1456.844466
Range,0.33,0.16,1.41,0.467924528,0.23,0.0127,0.286625248,Felton,semi_arid,grassland,natural,0.0115,1.4321,0.38,0.02,1496.339229
Range,0.34,0.16,1.41,0.467924528,0.23,0.0127,0.310783974,Felton,semi_arid,grassland,natural,0.0115,1.4321,0.38,0.02,1418.643831
Range,0.35,0.16,1.41,0.467924528,0.23,0.0127,0.286406617,Felton,semi_arid,grassland,natural,0.0115,1.4321,0.38,0.02,1277.781724
Range,0.35,0.17,1.41,0.467924528,0.23,0.0127,0.286279082,Felton,semi_arid,grassland,natural,0.0115,1.4321,0.38,0.02,1168.535587
Range,0.36,0.17,1.41,0.467924528,0.23,0.0127,0.303496274,Felton,semi_arid,grassland,natural,0.0115,1.4321,0.38,0.02,1097.523782
Range,0.36,0.17,1.41,0.467924528,0.23,0.0127,0.32767322,Felton,semi_arid,grassland,natural,0.0115,1.4321,0.38,0.02,1057.467057
Range,0.35,0.16,1.41,0.467924528,0.23,0.0127,0.331335289,Felton,semi_arid,grassland,natural,0.0115,1.4321,0.38,0.02,1213.877893
Range,0.36,0.17,1.41,0.467924528,0.23,0.0127,0.341629165,Felton,semi_arid,grassland,natural,0.0115,1.4321,0.38,0.02,1139.468783
Range,0.35,0.16,1.41,0.467924528,0.23,0.0127,0.362508426,Felton,semi_arid,grassland,natural,0.0115,1.4321,0.38,0.02,1229.474849
Range,0.36,0.17,1.41,0.467924528,0.23,0.0127,0.362308015,Felton,semi_arid,grassland,natural,0.0115,1.4321,0.38,0.02,1070.616029
Range,0.36,0.17,1.41,0.467924528,0.23,0.0127,0.379561645,Felton,semi_arid,grassland,natural,0.0115,1.4321,0.38,0.02,1031.760161
Range,0.37,0.17,1.41,0.467924528,0.23,0.0127,0.355238945,Felton,semi_arid,grassland,natural,0.0115,1.4321,0.38,0.02,970.7750221
Range,0.37,0.17,1.41,0.467924528,0.23,0.0127,0.351831946,Felton,semi_arid,grassland,natural,0.0115,1.4321,0.38,0.02,1006.817274
Range,0.38,0.18,1.41,0.467924528,0.23,0.0127,0.327381712,Felton,semi_arid,grassland,natural,0.0115,1.4321,0.38,0.02,871.728791
Range,0.36,0.17,1.41,0.467924528,0.23,0.0127,0.279191794,Felton,semi_arid,grassland,natural,0.0115,1.4321,0.38,0.02,1044.516324
Range,0.37,0.17,1.41,0.467924528,0.23,0.0127,0.241022464,Felton,semi_arid,grassland,natural,0.0115,1.4321,0.38,0.02,982.6106171
Range,0.37,0.18,1.41,0.467924528,0.23,0.0127,0.254777998,Felton,semi_arid,grassland,natural,0.0115,1.4321,0.38,0.02,925.1432874
Range,0.39,0.18,1.41,0.467924528,0.23,0.0127,0.188696777,Felton,semi_arid,grassland,natural,0.0115,1.4321,0.38,0.02,758.0685793
Range,0.41,0.19,1.41,0.467924528,0.23,0.0127,0.219560187,Felton,semi_arid,grassland,natural,0.0115,1.4321,0.38,0.02,633.0063015
Range,0.39,0.18,1.41,0.467924528,0.23,0.0127,0.275292874,Felton,semi_arid,grassland,natural,0.0115,1.4321,0.38,0.02,784.7123549
Range,0.39,0.18,1.41,0.467924528,0.23,0.0127,0.316850985,Felton,semi_arid,grassland,natural,0.0115,1.4321,0.38,0.02,793.8439762
Range,0.4,0.19,1.41,0.467924528,0.23,0.0127,0.292510066,Felton,semi_arid,grassland,natural,0.0115,1.4321,0.38,0.02,740.9109517
Range,0.4,0.19,1.41,0.467924528,0.23,0.0127,0.292455408,Felton,semi_arid,grassland,natural,0.0115,1.4321,0.38,0.02,716.041677
Range,0.4,0.19,1.41,0.467924528,0.23,0.0127,0.323592107,Felton,semi_arid,grassland,natural,0.0115,1.4321,0.38,0.02,707.9754858
Range,0.4,0.19,1.41,0.467924528,0.23,0.0127,0.33397708,Felton,semi_arid,grassland,natural,0.0115,1.4321,0.38,0.02,707.9754858
Range,0.4,0.19,1.41,0.467924528,0.23,0.0127,0.351212491,Felton,semi_arid,grassland,natural,0.0115,1.4321,0.38,0.02,676.7798599
Range,0.4,0.19,1.41,0.467924528,0.23,0.0127,0.365059121,Felton,semi_arid,grassland,natural,0.0115,1.4321,0.38,0.02,676.7798599
Range,0.4,0.19,1.41,0.467924528,0.23,0.0127,0.385974821,Felton,semi_arid,grassland,natural,0.0115,1.4321,0.38,0.02,740.9109517
Range,0.39,0.18,1.41,0.467924528,0.23,0.0127,0.386084136,Felton,semi_arid,grassland,natural,0.0115,1.4321,0.38,0.02,793.8439762
Range,0.42,0.2,1.41,0.467924528,0.23,0.0127,0.33714723,Felton,semi_arid,grassland,natural,0.0115,1.4321,0.38,0.02,592.5551016
Range,0.43,0.2,1.41,0.467924528,0.23,0.0127,0.267750105,Felton,semi_arid,grassland,natural,0.0115,1.4321,0.38,0.02,537.4491151
Range,0.43,0.2,1.41,0.467924528,0.23,0.0127,0.36119664,Felton,semi_arid,grassland,natural,0.0115,1.4321,0.38,0.02,531.7054005
Range,0.42,0.2,1.41,0.467924528,0.23,0.0127,0.375134367,Felton,semi_arid,grassland,natural,0.0115,1.4321,0.38,0.02,561.1624632
Range,0.36,0.17,1.41,0.467924528,0.23,0.0127,0.417767413,Felton,semi_arid,grassland,natural,0.0115,1.4321,0.38,0.02,1125.27062
Range,0.35,0.16,1.41,0.467924528,0.23,0.0127,0.424872921,Felton,semi_arid,grassland,natural,0.0115,1.4321,0.38,0.02,1277.781724
Range,0.33,0.15,1.41,0.467924528,0.23,0.0127,0.494379361,Felton,semi_arid,grassland,natural,0.0115,1.4321,0.38,0.02,1558.127674
Range,0.36,0.17,1.41,0.467924528,0.23,0.0127,0.493832784,Felton,semi_arid,grassland,natural,0.0115,1.4321,0.38,0.02,1057.467057
Range,0.38,0.18,1.41,0.467924528,0.23,0.0127,0.438209412,Felton,semi_arid,grassland,natural,0.0115,1.4321,0.38,0.02,903.3113721
Range,0.37,0.18,1.41,0.467924528,0.23,0.0127,0.476324084,Felton,semi_arid,grassland,natural,0.0115,1.4321,0.38,0.02,925.1432874
Range,0.4,0.19,1.41,0.467924528,0.23,0.0127,0.410151766,Felton,semi_arid,grassland,natural,0.0115,1.4321,0.38,0.02,716.041677
Range,0.4,0.19,1.41,0.467924528,0.23,0.0127,0.434419808,Felton,semi_arid,grassland,natural,0.0115,1.4321,0.38,0.02,732.5075195
Range,0.4,0.19,1.41,0.467924528,0.23,0.0127,0.458633192,Felton,semi_arid,grassland,natural,0.0115,1.4321,0.38,0.02,724.2183976
Range,0.4,0.19,1.41,0.467924528,0.23,0.0127,0.500191302,Felton,semi_arid,grassland,natural,0.0115,1.4321,0.38,0.02,732.5075195
Range,0.4,0.19,1.41,0.467924528,0.23,0.0127,0.541749412,Felton,semi_arid,grassland,natural,0.0115,1.4321,0.38,0.02,740.9109517
Range,0.39,0.18,1.41,0.467924528,0.23,0.0127,0.548745605,Felton,semi_arid,grassland,natural,0.0115,1.4321,0.38,0.02,775.7073447
Range,0.38,0.18,1.41,0.467924528,0.23,0.0127,0.548891359,Felton,semi_arid,grassland,natural,0.0115,1.4321,0.38,0.02,851.4189856
Range,0.38,0.18,1.41,0.467924528,0.23,0.0127,0.531637728,Felton,semi_arid,grassland,natural,0.0115,1.4321,0.38,0.02,882.1046158
Range,0.37,0.17,1.41,0.467924528,0.23,0.0127,0.510977098,Felton,semi_arid,grassland,natural,0.0115,1.4321,0.38,0.02,947.6232185
Range,0.38,0.18,1.41,0.467924528,0.23,0.0127,0.500428152,Felton,semi_arid,grassland,natural,0.0115,1.4321,0.38,0.02,851.4189856
Range,0.34,0.16,1.41,0.467924528,0.23,0.0127,0.552972471,Felton,semi_arid,grassland,natural,0.0115,1.4321,0.38,0.02,1294.406173
Range,0.35,0.16,1.41,0.467924528,0.23,0.0127,0.58751617,Felton,semi_arid,grassland,natural,0.0115,1.4321,0.38,0.02,1229.474849
Range,0.35,0.16,1.41,0.467924528,0.23,0.0127,0.535554867,Felton,semi_arid,grassland,natural,0.0115,1.4321,0.38,0.02,1198.525483
Range,0.37,0.17,1.41,0.467924528,0.23,0.0127,0.573341593,Felton,semi_arid,grassland,natural,0.0115,1.4321,0.38,0.02,982.6106171
Range,0.37,0.17,1.41,0.467924528,0.23,0.0127,0.555996866,Felton,semi_arid,grassland,natural,0.0115,1.4321,0.38,0.02,959.1136047
Range,0.36,0.17,1.41,0.467924528,0.23,0.0127,0.691256582,Felton,semi_arid,grassland,natural,0.0115,1.4321,0.38,0.02,1139.468783
Range,0.38,0.18,1.41,0.467924528,0.23,0.0127,0.680507224,Felton,semi_arid,grassland,natural,0.0115,1.4321,0.38,0.02,892.63124
Range,0.39,0.18,1.41,0.467924528,0.23,0.0127,0.704501977,Felton,semi_arid,grassland,natural,0.0115,1.4321,0.38,0.02,766.8267902
Range,0.39,0.18,1.41,0.467924528,0.23,0.0127,0.683713812,Felton,semi_arid,grassland,natural,0.0115,1.4321,0.38,0.02,758.0685793
Range,0.42,0.19,1.41,0.467924528,0.23,0.0127,0.548344781,Felton,semi_arid,grassland,natural,0.0115,1.4321,0.38,0.02,605.6892405
Range,0.31,0.14,1.41,0.467924528,0.23,0.0127,0.608978447,Felton,semi_arid,grassland,natural,0.0115,1.4321,0.38,0.02,2063.764103
Range,0.37,0.18,1.41,0.467924528,0.23,0.0127,0.91249294,Felton,semi_arid,grassland,natural,0.0115,1.4321,0.38,0.02,925.1432874
Range,0.41,0.19,1.41,0.467924528,0.23,0.0127,0.683404085,Felton,semi_arid,grassland,natural,0.0115,1.4321,0.38,0.02,626.0423946
Range,0.42,0.19,1.41,0.467924528,0.23,0.0127,0.624519467,Felton,semi_arid,grassland,natural,0.0115,1.4321,0.38,0.02,612.3853019
Range,0.43,0.2,1.41,0.467924528,0.23,0.0127,0.603585548,Felton,semi_arid,grassland,natural,0.0115,1.4321,0.38,0.02,555.1210364
Range,0.43,0.2,1.41,0.467924528,0.23,0.0127,0.64512544,Felton,semi_arid,grassland,natural,0.0115,1.4321,0.38,0.02,555.1210364
Range,0.42,0.2,1.41,0.467924528,0.23,0.0127,0.489478383,Felton,semi_arid,grassland,natural,0.0115,1.4321,0.38,0.02,599.0796306
Range,0.41,0.19,1.41,0.467924528,0.23,0.0127,0.458450999,Felton,semi_arid,grassland,natural,0.0115,1.4321,0.38,0.02,647.2122351
Range,0.42,0.19,1.41,0.467924528,0.23,0.0127,0.468744876,Felton,semi_arid,grassland,natural,0.0115,1.4321,0.38,0.02,612.3853019
Range,0.43,0.2,1.41,0.467924528,0.23,0.0127,0.478947656,Felton,semi_arid,grassland,natural,0.0115,1.4321,0.38,0.02,549.1557856
Range,0.42,0.2,1.41,0.467924528,0.23,0.0127,0.458268807,Felton,semi_arid,grassland,natural,0.0115,1.4321,0.38,0.02,579.7559311
Range,0.44,0.2,1.41,0.467924528,0.23,0.0127,0.506458724,Felton,semi_arid,grassland,natural,0.0115,1.4321,0.38,0.02,493.4437897
Range,0.44,0.21,1.41,0.467924528,0.23,0.0127,0.478674367,Felton,semi_arid,grassland,natural,0.0115,1.4321,0.38,0.02,468.0647677
Range,0.44,0.21,1.41,0.467924528,0.23,0.0127,0.433727476,Felton,semi_arid,grassland,natural,0.0115,1.4321,0.38,0.02,483.1058813
Range,0.45,0.21,1.41,0.467924528,0.23,0.0127,0.447373695,Felton,semi_arid,grassland,natural,0.0115,1.4321,0.38,0.02,430.5175722
Range,0.45,0.21,1.41,0.467924528,0.23,0.0127,0.478528613,Felton,semi_arid,grassland,natural,0.0115,1.4321,0.38,0.02,430.5175722
Range,0.46,0.22,1.41,0.467924528,0.23,0.0127,0.502578024,Felton,semi_arid,grassland,natural,0.0115,1.4321,0.38,0.02,388.3166831
Range,0.47,0.22,1.41,0.467924528,0.23,0.0127,0.474830105,Felton,semi_arid,grassland,natural,0.0115,1.4321,0.38,0.02,376.5826595
Range,0.48,0.22,1.41,0.467924528,0.23,0.0127,0.471222694,Felton,semi_arid,grassland,natural,0.0115,1.4321,0.38,0.02,347.1840147
Range,0.48,0.23,1.41,0.467924528,0.23,0.0127,0.460710186,Felton,semi_arid,grassland,natural,0.0115,1.4321,0.38,0.02,323.5377666
Range,0.49,0.23,1.41,0.467924528,0.23,0.0127,0.432962268,Felton,semi_arid,grassland,natural,0.0115,1.4321,0.38,0.02,313.9500629
Range,0.47,0.22,1.41,0.467924528,0.23,0.0127,0.426275803,Felton,semi_arid,grassland,natural,0.0115,1.4321,0.38,0.02,357.8978952
Range,0.47,0.22,1.41,0.467924528,0.23,0.0127,0.391641008,Felton,semi_arid,grassland,natural,0.0115,1.4321,0.38,0.02,354.2863332
Range,0.48,0.22,1.41,0.467924528,0.23,0.0127,0.356969774,Felton,semi_arid,grassland,natural,0.0115,1.4321,0.38,0.02,343.6921539
Range,0.46,0.21,1.41,0.467924528,0.23,0.0127,0.378067666,Felton,semi_arid,grassland,natural,0.0115,1.4321,0.38,0.02,413.0423882
Range,0.45,0.21,1.41,0.467924528,0.23,0.0127,0.326270337,Felton,semi_arid,grassland,natural,0.0115,1.4321,0.38,0.02,444.1780436
Range,0.52,0.24,1.41,0.467924528,0.23,0.0127,0.342503689,Felton,semi_arid,grassland,natural,0.0115,1.4321,0.38,0.02,244.9946768
Range,0.5,0.24,1.41,0.467924528,0.23,0.0127,0.377320677,Felton,semi_arid,grassland,natural,0.0115,1.4321,0.38,0.02,273.1032355
Range,0.51,0.24,1.41,0.467924528,0.23,0.0127,0.43946654,Felton,semi_arid,grassland,natural,0.0115,1.4321,0.38,0.02,249.8695281
Range,0.51,0.24,1.41,0.467924528,0.23,0.0127,0.463807459,Felton,semi_arid,grassland,natural,0.0115,1.4321,0.38,0.02,265.114719
Range,0.53,0.25,1.41,0.467924528,0.23,0.0127,0.501484869,Felton,semi_arid,grassland,natural,0.0115,1.4321,0.38,0.02,213.5129063
Range,0.54,0.25,1.41,0.467924528,0.23,0.0127,0.432142402,Felton,semi_arid,grassland,natural,0.0115,1.4321,0.38,0.02,201.3134447
Range,0.54,0.25,1.41,0.467924528,0.23,0.0127,0.359465812,Felton,semi_arid,grassland,natural,0.0115,1.4321,0.38,0.02,203.2969117
Range,0.57,0.27,1.41,0.467924528,0.23,0.0127,0.476633811,Felton,semi_arid,grassland,natural,0.0115,1.4321,0.38,0.02,152.8581478
Range,0.56,0.26,1.41,0.467924528,0.23,0.0127,0.525315649,Felton,semi_arid,grassland,natural,0.0115,1.4321,0.38,0.02,172.059732
Range,0.6,0.28,1.41,0.467924528,0.23,0.0127,0.496893618,Felton,semi_arid,grassland,natural,0.0115,1.4321,0.38,0.02,115.4445147
Range,0.62,0.29,1.41,0.467924528,0.23,0.0127,0.513965055,Felton,semi_arid,grassland,natural,0.0115,1.4321,0.38,0.02,100.9684255
Range,0.58,0.27,1.41,0.467924528,0.23,0.0127,0.587297539,Felton,semi_arid,grassland,natural,0.0115,1.4321,0.38,0.02,144.0284585
Range,0.56,0.26,1.41,0.467924528,0.23,0.0127,0.604788019,Felton,semi_arid,grassland,natural,0.0115,1.4321,0.38,0.02,159.0214583
Range,0.56,0.26,1.41,0.467924528,0.23,0.0127,0.615300527,Felton,semi_arid,grassland,natural,0.0115,1.4321,0.38,0.02,170.3758281
Range,0.54,0.25,1.41,0.467924528,0.23,0.0127,0.6120575,Felton,semi_arid,grassland,natural,0.0115,1.4321,0.38,0.02,191.6818165
Range,0.54,0.25,1.41,0.467924528,0.23,0.0127,0.632845665,Felton,semi_arid,grassland,natural,0.0115,1.4321,0.38,0.02,193.5708052
Range,0.53,0.25,1.41,0.467924528,0.23,0.0127,0.629602638,Felton,semi_arid,grassland,natural,0.0115,1.4321,0.38,0.02,217.7432855
Range,0.52,0.25,1.41,0.467924528,0.23,0.0127,0.591597282,Felton,semi_arid,grassland,natural,0.0115,1.4321,0.38,0.02,226.4622127
Range,0.51,0.24,1.41,0.467924528,0.23,0.0127,0.616011077,Felton,semi_arid,grassland,natural,0.0115,1.4321,0.38,0.02,249.8695281
Range,0.5,0.23,1.41,0.467924528,0.23,0.0127,0.643941188,Felton,semi_arid,grassland,natural,0.0115,1.4321,0.38,0.02,284.1558882
Range,0.5,0.23,1.41,0.467924528,0.23,0.0127,0.678557764,Felton,semi_arid,grassland,natural,0.0115,1.4321,0.38,0.02,284.1558882
Range,0.5,0.23,1.41,0.467924528,0.23,0.0127,0.69932771,Felton,semi_arid,grassland,natural,0.0115,1.4321,0.38,0.02,284.1558882
Range,0.47,0.22,1.41,0.467924528,0.23,0.0127,0.658206861,Felton,semi_arid,grassland,natural,0.0115,1.4321,0.38,0.02,357.8978952
Range,0.45,0.21,1.41,0.467924528,0.23,0.0127,0.662069342,Felton,semi_arid,grassland,natural,0.0115,1.4321,0.38,0.02,448.8412572
Range,0.45,0.21,1.41,0.467924528,0.23,0.0127,0.679341192,Felton,semi_arid,grassland,natural,0.0115,1.4321,0.38,0.02,439.5702282
Range,0.45,0.21,1.41,0.467924528,0.23,0.0127,0.727877275,Felton,semi_arid,grassland,natural,0.0115,1.4321,0.38,0.02,458.3371843
Range,0.45,0.21,1.41,0.467924528,0.23,0.0127,0.57900778,Felton,semi_arid,grassland,natural,0.0115,1.4321,0.38,0.02,453.5606917
Range,0.46,0.22,1.41,0.467924528,0.23,0.0127,0.748337493,Felton,semi_arid,grassland,natural,0.0115,1.4321,0.38,0.02,384.3602973
Range,0.49,0.23,1.41,0.467924528,0.23,0.0127,0.751380108,Felton,semi_arid,grassland,natural,0.0115,1.4321,0.38,0.02,304.6714344
Range,0.48,0.23,1.41,0.467924528,0.23,0.0127,0.806857726,Felton,semi_arid,grassland,natural,0.0115,1.4321,0.38,0.02,320.3067475
Range,0.46,0.21,1.41,0.467924528,0.23,0.0127,0.876546359,Felton,semi_arid,grassland,natural,0.0115,1.4321,0.38,0.02,413.0423882
Range,0.45,0.21,1.41,0.467924528,0.23,0.0127,0.91467925,Felton,semi_arid,grassland,natural,0.0115,1.4321,0.38,0.02,426.0711563
Range,0.52,0.24,1.41,0.467924528,0.23,0.0127,0.719715051,Felton,semi_arid,grassland,natural,0.0115,1.4321,0.38,0.02,230.955086
Range,0.53,0.25,1.41,0.467924528,0.23,0.0127,0.750778873,Felton,semi_arid,grassland,natural,0.0115,1.4321,0.38,0.02,219.8903481
Range,0.52,0.24,1.41,0.467924528,0.23,0.0127,0.83398619,Felton,semi_arid,grassland,natural,0.0115,1.4321,0.38,0.02,235.5398907
Range,0.51,0.24,1.41,0.467924528,0.23,0.0127,0.955362836,Felton,semi_arid,grassland,natural,0.0115,1.4321,0.38,0.02,265.114719
Range,0.53,0.25,1.41,0.467924528,0.23,0.0127,0.954907355,Felton,semi_arid,grassland,natural,0.0115,1.4321,0.38,0.02,207.3228506
Range,0.53,0.25,1.41,0.467924528,0.23,0.0127,1,Felton,semi_arid,grassland,natural,0.0115,1.4321,0.38,0.02,217.7432855
Range,0.58,0.27,1.41,0.467924528,0.23,0.0127,0.784557363,Felton,semi_arid,grassland,natural,0.0115,1.4321,0.38,0.02,139.7915576
Range,0.57,0.27,1.41,0.467924528,0.23,0.0127,0.888534626,Felton,semi_arid,grassland,natural,0.0115,1.4321,0.38,0.02,149.8607979
Range,0.59,0.28,1.41,0.467924528,0.23,0.0127,0.822435185,Felton,semi_arid,grassland,natural,0.0115,1.4321,0.38,0.02,125.1988118
Range,0.62,0.29,1.41,0.467924528,0.23,0.0127,0.759688086,Felton,semi_arid,grassland,natural,0.0115,1.4321,0.38,0.02,97.84974265
Range,0.61,0.28,1.41,0.467924528,0.23,0.0127,0.649133675,Felton,semi_arid,grassland,natural,0.0115,1.4321,0.38,0.02,110.8167459
Rota,0.16,0.07,1.47,0.445283019,0.1,0.0164,0.019125683,Nie,semi_arid,grassland,rest rotation,0.0072,1.5652,0.4,0,10986.1998
Rota,0.16,0.07,1.47,0.445283019,0.1,0.0164,0.019125683,Nie,semi_arid,grassland,rest rotation,0.0072,1.5652,0.4,0,10986.1998
Rota,0.18,0.08,1.47,0.445283019,0.1,0.0164,0.087431694,Nie,semi_arid,grassland,rest rotation,0.0072,1.5652,0.4,0,7562.735837
Rota,0.2,0.09,1.47,0.445283019,0.1,0.0164,0.092896175,Nie,semi_arid,grassland,rest rotation,0.0072,1.5652,0.4,0,5433.170772
Rota,0.22,0.1,1.47,0.445283019,0.1,0.0164,0.095628415,Nie,semi_arid,grassland,rest rotation,0.0072,1.5652,0.4,0,4035.785199
Rota,0.2,0.09,1.47,0.445283019,0.1,0.0164,0.229508197,Nie,semi_arid,grassland,rest rotation,0.0072,1.5652,0.4,0,5433.170772
Rota,0.22,0.1,1.47,0.445283019,0.1,0.0164,0.284153005,Nie,semi_arid,grassland,rest rotation,0.0072,1.5652,0.4,0,4035.785199
Rota,0.22,0.1,1.47,0.445283019,0.1,0.0164,0.31420765,Nie,semi_arid,grassland,rest rotation,0.0072,1.5652,0.4,0,4035.785199
Rota,0.38,0.17,1.47,0.445283019,0.1,0.0164,1,Nie,semi_arid,grassland,rest rotation,0.0072,1.5652,0.4,0,860.1082016
Rota,0.31,0.14,1.47,0.445283019,0.1,0.0164,0.74863388,Nie,semi_arid,grassland,rest rotation,0.0072,1.5652,0.4,0,1535.702989
Rota,0.34,0.15,1.47,0.445283019,0.1,0.0164,0.885245902,Nie,semi_arid,grassland,rest rotation,0.0072,1.5652,0.4,0,1253.184287
Rota,0.38,0.17,1.47,0.445283019,0.1,0.0164,0.890710383,Nie,semi_arid,grassland,rest rotation,0.0072,1.5652,0.4,0,860.1082016
Rota,0.49,0.22,1.47,0.445283019,0.1,0.0164,0.745901639,Nie,semi_arid,grassland,rest rotation,0.0072,1.5652,0.4,0,375.894639
Rota,0.52,0.23,1.47,0.445283019,0.1,0.0164,0.759562842,Nie,semi_arid,grassland,rest rotation,0.0072,1.5652,0.4,0,322.0791195
Rota,0.56,0.25,1.47,0.445283019,0.1,0.0164,0.461748634,Nie,semi_arid,grassland,rest rotation,0.0072,1.5652,0.4,0,237.3744437
Rota,0.67,0.3,1.47,0.445283019,0.1,0.0164,0.467213115,Nie,semi_arid,grassland,rest rotation,0.0072,1.5652,0.4,0,108.0932529
Rota,0.72,0.32,1.47,0.445283019,0.1,0.0164,0.62295082,Nie,semi_arid,grassland,rest rotation,0.0072,1.5652,0.4,0,75.87934139
Teak,0.74,0.35,1.4,0.471698113,0.34,0.0231,0.543554007,Wangluk,troplical,forest,plantation,0.0103,1.5194,0.45,0,69.38328552
Teak,0.31,0.15,1.4,0.471698113,0.34,0.0231,0.595818815,Wangluk,troplical,forest,plantation,0.0103,1.5194,0.45,0,1689.812503
Teak,0.29,0.13,1.4,0.471698113,0.34,0.0231,0.651567944,Wangluk,troplical,forest,plantation,0.0103,1.5194,0.45,0,2107.368893
Teak,0.26,0.12,1.4,0.471698113,0.34,0.0231,0.68641115,Wangluk,troplical,forest,plantation,0.0103,1.5194,0.45,0,2708.922545
Teak,0.28,0.13,1.4,0.471698113,0.34,0.0231,0.675958188,Wangluk,troplical,forest,plantation,0.0103,1.5194,0.45,0,2199.391652
Teak,0.3,0.14,1.4,0.471698113,0.34,0.0231,0.620209059,Wangluk,troplical,forest,plantation,0.0103,1.5194,0.45,0,1738.547646
Teak,0.33,0.16,1.4,0.471698113,0.34,0.0231,0.6271777,Wangluk,troplical,forest,plantation,0.0103,1.5194,0.45,0,1345.513209
Teak,0.34,0.16,1.4,0.471698113,0.34,0.0231,0.658536585,Wangluk,troplical,forest,plantation,0.0103,1.5194,0.45,0,1199.315571
Teak,0.38,0.18,1.4,0.471698113,0.34,0.0231,0.526132404,Wangluk,troplical,forest,plantation,0.0103,1.5194,0.45,0,903.646177
Teak,0.34,0.16,1.4,0.471698113,0.34,0.0231,0.550522648,Wangluk,troplical,forest,plantation,0.0103,1.5194,0.45,0,1296.468175
Teak,0.36,0.17,1.4,0.471698113,0.34,0.0231,0.790940767,Wangluk,troplical,forest,plantation,0.0103,1.5194,0.45,0,1082.64438
Teak,0.47,0.22,1.4,0.471698113,0.34,0.0231,0.850174216,Wangluk,troplical,forest,plantation,0.0103,1.5194,0.45,0,442.5625159
Teak,0.47,0.22,1.4,0.471698113,0.34,0.0231,0.905923345,Wangluk,troplical,forest,plantation,0.0103,1.5194,0.45,0,447.0518663
Teak,0.48,0.23,1.4,0.471698113,0.34,0.0231,0.905923345,Wangluk,troplical,forest,plantation,0.0103,1.5194,0.45,0,412.8034803
Teak,0.51,0.24,1.4,0.471698113,0.34,0.0231,0.961672474,Wangluk,troplical,forest,plantation,0.0103,1.5194,0.45,0,337.372725
Teak,0.5,0.24,1.4,0.471698113,0.34,0.0231,0.891986063,Wangluk,troplical,forest,plantation,0.0103,1.5194,0.45,0,355.7556586
Teak,0.54,0.25,1.4,0.471698113,0.34,0.0231,1,Wangluk,troplical,forest,plantation,0.0103,1.5194,0.45,0,274.7292835
Teak,0.53,0.25,1.4,0.471698113,0.34,0.0231,0.881533101,Wangluk,troplical,forest,plantation,0.0103,1.5194,0.45,0,294.5713279
Teak,0.56,0.26,1.4,0.471698113,0.34,0.0231,0.763066202,Wangluk,troplical,forest,plantation,0.0103,1.5194,0.45,0,242.1019099
Teak,0.56,0.26,1.4,0.471698113,0.34,0.0231,0.885017422,Wangluk,troplical,forest,plantation,0.0103,1.5194,0.45,0,245.7050109
Teak,0.58,0.27,1.4,0.471698113,0.34,0.0231,0.832752613,Wangluk,troplical,forest,plantation,0.0103,1.5194,0.45,0,206.6111927
Teak,0.63,0.3,1.4,0.471698113,0.34,0.0231,0.710801394,Wangluk,troplical,forest,plantation,0.0103,1.5194,0.45,0,151.7174029
Teak,0.64,0.3,1.4,0.471698113,0.34,0.0231,0.74912892,Wangluk,troplical,forest,plantation,0.0103,1.5194,0.45,0,141.5926651
Teak,0.68,0.32,1.4,0.471698113,0.34,0.0231,0.818815331,Wangluk,troplical,forest,plantation,0.0103,1.5194,0.45,0,110.7319233
Teak,0.67,0.32,1.4,0.471698113,0.34,0.0231,0.853658537,Wangluk,troplical,forest,plantation,0.0103,1.5194,0.45,0,113.7676258
Teak,0.69,0.32,1.4,0.471698113,0.34,0.0231,0.923344948,Wangluk,troplical,forest,plantation,0.0103,1.5194,0.45,0,101.7018966
Teak,0.69,0.33,1.4,0.471698113,0.34,0.0231,0.940766551,Wangluk,troplical,forest,plantation,0.0103,1.5194,0.45,0,100.9387551
Teak,0.71,0.34,1.4,0.471698113,0.34,0.0231,0.836236934,Wangluk,troplical,forest,plantation,0.0103,1.5194,0.45,0,86.02364294
Teak,0.72,0.34,1.4,0.471698113,0.34,0.0231,0.770034843,Wangluk,troplical,forest,plantation,0.0103,1.5194,0.45,0,84.31585226
Teak,0.71,0.34,1.4,0.471698113,0.34,0.0231,0.717770035,Wangluk,troplical,forest,plantation,0.0103,1.5194,0.45,0,85.75710361
Teak,0.7,0.33,1.4,0.471698113,0.34,0.0231,0.797909408,Wangluk,troplical,forest,plantation,0.0103,1.5194,0.45,0,91.24541484
Teak,0.79,0.37,1.4,0.471698113,0.34,0.0231,0.668989547,Wangluk,troplical,forest,plantation,0.0103,1.5194,0.45,0,46.40492753
Teak,0.78,0.37,1.4,0.471698113,0.34,0.0231,0.668989547,Wangluk,troplical,forest,plantation,0.0103,1.5194,0.45,0,53.25029807
Teak,0.79,0.37,1.4,0.471698113,0.34,0.0231,0.606271777,Wangluk,troplical,forest,plantation,0.0103,1.5194,0.45,0,47.83145348
Teak,0.8,0.38,1.4,0.471698113,0.34,0.0231,0.714285714,Wangluk,troplical,forest,plantation,0.0103,1.5194,0.45,0,42.19049482
Teak,0.82,0.39,1.4,0.471698113,0.34,0.0231,0.602787456,Wangluk,troplical,forest,plantation,0.0103,1.5194,0.45,0,35.2710754
Teak,0.85,0.4,1.4,0.471698113,0.34,0.0231,0.62369338,Wangluk,troplical,forest,plantation,0.0103,1.5194,0.45,0,24.79823697
Teak,0.86,0.4,1.4,0.471698113,0.34,0.0231,0.662020906,Wangluk,troplical,forest,plantation,0.0103,1.5194,0.45,0,23.66893948
Teak,0.86,0.41,1.4,0.471698113,0.34,0.0231,0.714285714,Wangluk,troplical,forest,plantation,0.0103,1.5194,0.45,0,22.57186286
Teak,0.88,0.42,1.4,0.471698113,0.34,0.0231,0.56097561,Wangluk,troplical,forest,plantation,0.0103,1.5194,0.45,0,16.57897823
TibetCK,0.15,0.07,1.39,0.475471698,0.01,0.015,0.009009009,Peng,alpine,meadow vegetation,control,0.0073,1.5792,0.48,0,17093.86202
TibetCK,0.14,0.07,1.39,0.475471698,0.01,0.015,0.072072072,Peng,alpine,meadow vegetation,control,0.0073,1.5792,0.48,0,20131.93419
TibetCK,0.13,0.06,1.39,0.475471698,0.01,0.015,0.09009009,Peng,alpine,meadow vegetation,control,0.0073,1.5792,0.48,0,21004.94981
TibetCK,0.14,0.07,1.39,0.475471698,0.01,0.015,0.063063063,Peng,alpine,meadow vegetation,control,0.0073,1.5792,0.48,0,19307.56712
TibetCK,0.16,0.07,1.39,0.475471698,0.01,0.015,0.369369369,Peng,alpine,meadow vegetation,control,0.0073,1.5792,0.48,0,14110.35637
TibetCK,0.23,0.11,1.39,0.475471698,0.01,0.015,0.18018018,Peng,alpine,meadow vegetation,control,0.0073,1.5792,0.48,0,4786.60995
TibetCK,0.24,0.11,1.39,0.475471698,0.01,0.015,0.117117117,Peng,alpine,meadow vegetation,control,0.0073,1.5792,0.48,0,4235.273352
TibetCK,0.23,0.11,1.39,0.475471698,0.01,0.015,0.189189189,Peng,alpine,meadow vegetation,control,0.0073,1.5792,0.48,0,4613.688833
TibetCK,0.28,0.13,1.39,0.475471698,0.01,0.015,0.117117117,Peng,alpine,meadow vegetation,control,0.0073,1.5792,0.48,0,2872.854536
TibetCK,0.31,0.15,1.39,0.475471698,0.01,0.015,0.108108108,Peng,alpine,meadow vegetation,control,0.0073,1.5792,0.48,0,2072.482773
TibetCK,0.33,0.16,1.39,0.475471698,0.01,0.015,0.243243243,Peng,alpine,meadow vegetation,control,0.0073,1.5792,0.48,0,1766.40756
TibetCK,0.32,0.15,1.39,0.475471698,0.01,0.015,0.369369369,Peng,alpine,meadow vegetation,control,0.0073,1.5792,0.48,0,1969.185996
TibetCK,0.3,0.14,1.39,0.475471698,0.01,0.015,0.369369369,Peng,alpine,meadow vegetation,control,0.0073,1.5792,0.48,0,2203.92727
TibetCK,0.29,0.14,1.39,0.475471698,0.01,0.015,0.558558559,Peng,alpine,meadow vegetation,control,0.0073,1.5792,0.48,0,2440.417788
TibetCK,0.33,0.15,1.39,0.475471698,0.01,0.015,0.747747748,Peng,alpine,meadow vegetation,control,0.0073,1.5792,0.48,0,1808.121261
TibetCK,0.34,0.16,1.39,0.475471698,0.01,0.015,0.333333333,Peng,alpine,meadow vegetation,control,0.0073,1.5792,0.48,0,1642.137389
TibetCK,0.34,0.16,1.39,0.475471698,0.01,0.015,0.279279279,Peng,alpine,meadow vegetation,control,0.0073,1.5792,0.48,0,1580.227633
TibetCK,0.37,0.18,1.39,0.475471698,0.01,0.015,0.477477477,Peng,alpine,meadow vegetation,control,0.0073,1.5792,0.48,0,1252.231588
TibetCK,0.39,0.19,1.39,0.475471698,0.01,0.015,0.684684685,Peng,alpine,meadow vegetation,control,0.0073,1.5792,0.48,0,1057.83301
TibetCK,0.4,0.19,1.39,0.475471698,0.01,0.015,0.702702703,Peng,alpine,meadow vegetation,control,0.0073,1.5792,0.48,0,986.3289605
TibetCK,0.41,0.2,1.39,0.475471698,0.01,0.015,0.927927928,Peng,alpine,meadow vegetation,control,0.0073,1.5792,0.48,0,911.4321645
TibetCK,0.37,0.17,1.39,0.475471698,0.01,0.015,0.981981982,Peng,alpine,meadow vegetation,control,0.0073,1.5792,0.48,0,1293.129868
TibetCK,0.37,0.17,1.39,0.475471698,0.01,0.015,0.252252252,Peng,alpine,meadow vegetation,control,0.0073,1.5792,0.48,0,1273.760812
TibetCK,0.45,0.22,1.39,0.475471698,0.01,0.015,0.27027027,Peng,alpine,meadow vegetation,control,0.0073,1.5792,0.48,0,678.8702865
TibetCK,0.52,0.25,1.39,0.475471698,0.01,0.015,0.522522523,Peng,alpine,meadow vegetation,control,0.0073,1.5792,0.48,0,446.1254953
TibetCK,0.53,0.25,1.39,0.475471698,0.01,0.015,0.189189189,Peng,alpine,meadow vegetation,control,0.0073,1.5792,0.48,0,415.8046705
TibetCK,0.57,0.27,1.39,0.475471698,0.01,0.015,0.900900901,Peng,alpine,meadow vegetation,control,0.0073,1.5792,0.48,0,331.4207488
TibetCK,0.55,0.26,1.39,0.475471698,0.01,0.015,0.927927928,Peng,alpine,meadow vegetation,control,0.0073,1.5792,0.48,0,378.7324895
TibetCK,0.56,0.27,1.39,0.475471698,0.01,0.015,0.927927928,Peng,alpine,meadow vegetation,control,0.0073,1.5792,0.48,0,350.612259
TibetCK,0.49,0.23,1.39,0.475471698,0.01,0.015,1,Peng,alpine,meadow vegetation,control,0.0073,1.5792,0.48,0,530.9059759
TibetW1,0.14,0.22,1.39,0.475471698,0.01,0.015,0.020833333,Peng,alpine,meadow vegetation,warming,0.0073,1.5792,0.48,0,680.1326615
TibetW1,0.14,0.07,1.39,0.475471698,0.01,0.015,0.048611111,Peng,alpine,meadow vegetation,warming,0.0073,1.5792,0.48,0,17791.50975
TibetW1,0.15,0.07,1.39,0.475471698,0.01,0.015,0.041666667,Peng,alpine,meadow vegetation,warming,0.0073,1.5792,0.48,0,16432.89672
TibetW1,0.19,0.09,1.39,0.475471698,0.01,0.015,0.125,Peng,alpine,meadow vegetation,warming,0.0073,1.5792,0.48,0,8238.866484
TibetW1,0.19,0.09,1.39,0.475471698,0.01,0.015,0.097222222,Peng,alpine,meadow vegetation,warming,0.0073,1.5792,0.48,0,8238.866484
TibetW1,0.23,0.11,1.39,0.475471698,0.01,0.015,0.208333333,Peng,alpine,meadow vegetation,warming,0.0073,1.5792,0.48,0,4730.508878
TibetW1,0.23,0.11,1.39,0.475471698,0.01,0.015,0.256944444,Peng,alpine,meadow vegetation,warming,0.0073,1.5792,0.48,0,4730.508878
TibetW1,0.17,0.08,1.39,0.475471698,0.01,0.015,0.291666667,Peng,alpine,meadow vegetation,warming,0.0073,1.5792,0.48,0,11391.73732
TibetW1,0.19,0.09,1.39,0.475471698,0.01,0.015,0.395833333,Peng,alpine,meadow vegetation,warming,0.0073,1.5792,0.48,0,8238.866484
TibetW1,0.27,0.13,1.39,0.475471698,0.01,0.015,0.118055556,Peng,alpine,meadow vegetation,warming,0.0073,1.5792,0.48,0,2968.097221
TibetW1,0.27,0.13,1.39,0.475471698,0.01,0.015,0.1875,Peng,alpine,meadow vegetation,warming,0.0073,1.5792,0.48,0,2968.097221
TibetW1,0.32,0.15,1.39,0.475471698,0.01,0.015,0.166666667,Peng,alpine,meadow vegetation,warming,0.0073,1.5792,0.48,0,1981.211386
TibetW1,0.32,0.15,1.39,0.475471698,0.01,0.015,0.277777778,Peng,alpine,meadow vegetation,warming,0.0073,1.5792,0.48,0,1981.211386
TibetW1,0.32,0.15,1.39,0.475471698,0.01,0.015,0.368055556,Peng,alpine,meadow vegetation,warming,0.0073,1.5792,0.48,0,1981.211386
TibetW1,0.34,0.16,1.39,0.475471698,0.01,0.015,0.305555556,Peng,alpine,meadow vegetation,warming,0.0073,1.5792,0.48,0,1644.801791
TibetW1,0.35,0.16,1.39,0.475471698,0.01,0.015,0.243055556,Peng,alpine,meadow vegetation,warming,0.0073,1.5792,0.48,0,1527.210915
TibetW1,0.38,0.18,1.39,0.475471698,0.01,0.015,0.189722222,Peng,alpine,meadow vegetation,warming,0.0073,1.5792,0.48,0,1132.098903
TibetW1,0.35,0.17,1.39,0.475471698,0.01,0.015,0.256944444,Peng,alpine,meadow vegetation,warming,0.0073,1.5792,0.48,0,1487.136751
TibetW1,0.46,0.22,1.39,0.475471698,0.01,0.015,0.282222222,Peng,alpine,meadow vegetation,warming,0.0073,1.5792,0.48,0,668.3281218
TibetW1,0.57,0.27,1.39,0.475471698,0.01,0.015,0.347222222,Peng,alpine,meadow vegetation,warming,0.0073,1.5792,0.48,0,316.2641038
TibetW1,0.59,0.28,1.39,0.475471698,0.01,0.015,0.451388889,Peng,alpine,meadow vegetation,warming,0.0073,1.5792,0.48,0,286.3980143
TibetW1,0.48,0.23,1.39,0.475471698,0.01,0.015,0.486111111,Peng,alpine,meadow vegetation,warming,0.0073,1.5792,0.48,0,570.5726923
TibetW1,0.43,0.21,1.39,0.475471698,0.01,0.015,0.784722222,Peng,alpine,meadow vegetation,warming,0.0073,1.5792,0.48,0,780.975978
TibetW1,0.45,0.22,1.39,0.475471698,0.01,0.015,0.805555556,Peng,alpine,meadow vegetation,warming,0.0073,1.5792,0.48,0,686.6067038
TibetW1,0.47,0.22,1.39,0.475471698,0.01,0.015,0.868055556,Peng,alpine,meadow vegetation,warming,0.0073,1.5792,0.48,0,608.6637154
TibetW1,0.45,0.22,1.39,0.475471698,0.01,0.015,0.875,Peng,alpine,meadow vegetation,warming,0.0073,1.5792,0.48,0,677.3088826
TibetW1,0.41,0.2,1.39,0.475471698,0.01,0.015,0.743055556,Peng,alpine,meadow vegetation,warming,0.0073,1.5792,0.48,0,915.1136435
TibetW1,0.38,0.18,1.39,0.475471698,0.01,0.015,0.638888889,Peng,alpine,meadow vegetation,warming,0.0073,1.5792,0.48,0,1151.99841
TibetW1,0.25,0.12,1.39,0.475471698,0.01,0.015,0.619444444,Peng,alpine,meadow vegetation,warming,0.0073,1.5792,0.48,0,3680.922713
TibetW1,0.26,0.12,1.39,0.475471698,0.01,0.015,0.605555556,Peng,alpine,meadow vegetation,warming,0.0073,1.5792,0.48,0,3387.360049
TibetW1,0.56,0.27,1.39,0.475471698,0.01,0.015,0.777777778,Peng,alpine,meadow vegetation,warming,0.0073,1.5792,0.48,0,341.7960124
TibetW1,0.57,0.27,1.39,0.475471698,0.01,0.015,1,Peng,alpine,meadow vegetation,warming,0.0073,1.5792,0.48,0,327.3797941
TibetW2,0.14,0.07,1.39,0.475471698,0.01,0.015,0.069444444,Peng,alpine,meadow vegetation,warming,0.0073,1.5792,0.48,0,20131.93419
TibetW2,0.14,0.07,1.39,0.475471698,0.01,0.015,0.041666667,Peng,alpine,meadow vegetation,warming,0.0073,1.5792,0.48,0,17420.07912
TibetW2,0.19,0.09,1.39,0.475471698,0.01,0.015,0.097222222,Peng,alpine,meadow vegetation,warming,0.0073,1.5792,0.48,0,7871.459263
TibetW2,0.21,0.1,1.39,0.475471698,0.01,0.015,0.069444444,Peng,alpine,meadow vegetation,warming,0.0073,1.5792,0.48,0,6599.449477
TibetW2,0.22,0.11,1.39,0.475471698,0.01,0.015,0.152777778,Peng,alpine,meadow vegetation,warming,0.0073,1.5792,0.48,0,5357.417866
TibetW2,0.22,0.11,1.39,0.475471698,0.01,0.015,0.368055556,Peng,alpine,meadow vegetation,warming,0.0073,1.5792,0.48,0,5224.659594
TibetW2,0.18,0.08,1.39,0.475471698,0.01,0.015,0.305555556,Peng,alpine,meadow vegetation,warming,0.0073,1.5792,0.48,0,10164.27347
TibetW2,0.19,0.09,1.39,0.475471698,0.01,0.015,0.166666667,Peng,alpine,meadow vegetation,warming,0.0073,1.5792,0.48,0,8649.815897
TibetW2,0.24,0.11,1.39,0.475471698,0.01,0.015,0.229166667,Peng,alpine,meadow vegetation,warming,0.0073,1.5792,0.48,0,4302.592595
TibetW2,0.26,0.12,1.39,0.475471698,0.01,0.015,0.173611111,Peng,alpine,meadow vegetation,warming,0.0073,1.5792,0.48,0,3378.739158
TibetW2,0.29,0.14,1.39,0.475471698,0.01,0.015,0.201388889,Peng,alpine,meadow vegetation,warming,0.0073,1.5792,0.48,0,2569.622887
TibetW2,0.29,0.14,1.39,0.475471698,0.01,0.015,0.236111111,Peng,alpine,meadow vegetation,warming,0.0073,1.5792,0.48,0,2479.69995
TibetW2,0.3,0.14,1.39,0.475471698,0.01,0.015,0.354166667,Peng,alpine,meadow vegetation,warming,0.0073,1.5792,0.48,0,2199.197041
TibetW2,0.29,0.14,1.39,0.475471698,0.01,0.015,0.402777778,Peng,alpine,meadow vegetation,warming,0.0073,1.5792,0.48,0,2603.049247
TibetW2,0.25,0.12,1.39,0.475471698,0.01,0.015,0.402777778,Peng,alpine,meadow vegetation,warming,0.0073,1.5792,0.48,0,3857.045934
TibetW2,0.32,0.15,1.39,0.475471698,0.01,0.015,0.673611111,Peng,alpine,meadow vegetation,warming,0.0073,1.5792,0.48,0,1891.292262
TibetW2,0.32,0.15,1.39,0.475471698,0.01,0.015,0.875,Peng,alpine,meadow vegetation,warming,0.0073,1.5792,0.48,0,1909.556609
TibetW2,0.33,0.15,1.39,0.475471698,0.01,0.015,0.895833333,Peng,alpine,meadow vegetation,warming,0.0073,1.5792,0.48,0,1812.30478
TibetW2,0.34,0.16,1.39,0.475471698,0.01,0.015,0.944444444,Peng,alpine,meadow vegetation,warming,0.0073,1.5792,0.48,0,1625.459628
TibetW2,0.35,0.17,1.39,0.475471698,0.01,0.015,0.180555556,Peng,alpine,meadow vegetation,warming,0.0073,1.5792,0.48,0,1419.632312
TibetW2,0.38,0.18,1.39,0.475471698,0.01,0.015,0.25,Peng,alpine,meadow vegetation,warming,0.0073,1.5792,0.48,0,1118.084651
TibetW2,0.43,0.21,1.39,0.475471698,0.01,0.015,0.326388889,Peng,alpine,meadow vegetation,warming,0.0073,1.5792,0.48,0,784.3766029
TibetW2,0.43,0.2,1.39,0.475471698,0.01,0.015,0.388888889,Peng,alpine,meadow vegetation,warming,0.0073,1.5792,0.48,0,803.202908
TibetW2,0.44,0.21,1.39,0.475471698,0.01,0.015,0.479166667,Peng,alpine,meadow vegetation,warming,0.0073,1.5792,0.48,0,744.3621975
TibetW2,0.42,0.2,1.39,0.475471698,0.01,0.015,0.569444444,Peng,alpine,meadow vegetation,warming,0.0073,1.5792,0.48,0,864.3741301
TibetW2,0.43,0.2,1.39,0.475471698,0.01,0.015,0.625,Peng,alpine,meadow vegetation,warming,0.0073,1.5792,0.48,0,830.5061722
TibetW2,0.42,0.2,1.39,0.475471698,0.01,0.015,0.243055556,Peng,alpine,meadow vegetation,warming,0.0073,1.5792,0.48,0,840.2617544
TibetW2,0.47,0.22,1.39,0.475471698,0.01,0.015,0.319444444,Peng,alpine,meadow vegetation,warming,0.0073,1.5792,0.48,0,622.0304971
TibetW2,0.52,0.25,1.39,0.475471698,0.01,0.015,0.486111111,Peng,alpine,meadow vegetation,warming,0.0073,1.5792,0.48,0,444.3060928
TibetW2,0.55,0.26,1.39,0.475471698,0.01,0.015,0.527777778,Peng,alpine,meadow vegetation,warming,0.0073,1.5792,0.48,0,358.907006
TibetW2,0.61,0.29,1.39,0.475471698,0.01,0.015,0.694444444,Peng,alpine,meadow vegetation,warming,0.0073,1.5792,0.48,0,259.2494515
TibetW2,0.52,0.25,1.39,0.475471698,0.01,0.015,0.847222222,Peng,alpine,meadow vegetation,warming,0.0073,1.5792,0.48,0,436.6326426
TibetW2,0.52,0.25,1.39,0.475471698,0.01,0.015,0.875,Peng,alpine,meadow vegetation,warming,0.0073,1.5792,0.48,0,435.5345893
TibetW2,0.53,0.25,1.39,0.475471698,0.01,0.015,1,Peng,alpine,meadow vegetation,warming,0.0073,1.5792,0.48,0,407.1323405
under,0.16,0.07,1.5,0.433962264,0.17,0.039,0.075342466,Yuste,Mediterranean,savanna,under,0.0122,1.4502,0.43,0,19520.14099
under,0.16,0.07,1.5,0.433962264,0.17,0.039,0.095890411,Yuste,Mediterranean,savanna,under,0.0122,1.4502,0.43,0,19520.14099
under,0.16,0.07,1.5,0.433962264,0.17,0.039,0.109589041,Yuste,Mediterranean,savanna,under,0.0122,1.4502,0.43,0,19520.14099
under,0.18,0.08,1.5,0.433962264,0.17,0.039,0.178082192,Yuste,Mediterranean,savanna,under,0.0122,1.4502,0.43,0,12676.54379
under,0.18,0.08,1.5,0.433962264,0.17,0.039,0.294520548,Yuste,Mediterranean,savanna,under,0.0122,1.4502,0.43,0,12676.54379
under,0.24,0.1,1.5,0.433962264,0.17,0.039,0.445205479,Yuste,Mediterranean,savanna,under,0.0122,1.4502,0.43,0,5643.882634
under,0.33,0.14,1.5,0.433962264,0.17,0.039,0.582191781,Yuste,Mediterranean,savanna,under,0.0122,1.4502,0.43,0,1834.837021
under,0.44,0.19,1.5,0.433962264,0.17,0.039,0.794520548,Yuste,Mediterranean,savanna,under,0.0122,1.4502,0.43,0,702.1356009
under,0.76,0.33,1.5,0.433962264,0.17,0.039,0.787671233,Yuste,Mediterranean,savanna,under,0.0122,1.4502,0.43,0,76.16859574
under,0.92,0.4,1.5,0.433962264,0.17,0.039,0.794520548,Yuste,Mediterranean,savanna,under,0.0122,1.4502,0.43,0,14.4611616
under,0.95,0.41,1.5,0.433962264,0.17,0.039,0.863013699,Yuste,Mediterranean,savanna,under,0.0122,1.4502,0.43,0,8.722747799
under,0.92,0.4,1.5,0.433962264,0.17,0.039,1,Yuste,Mediterranean,savanna,under,0.0122,1.4502,0.43,0,14.82742439